{"type":"FeatureCollection","features":[{"type":"Feature","properties":{"name":"Adygey"},"geometry":{"type":"Polygon","coordinates":[[[39.751507,45.126548],[39.96431,45.074768],[40.17422,45.109598],[40.415549,44.999941],[40.527583,44.915192],[40.624528,44.767035],[40.554248,44.719751],[40.393638,44.725255],[40.327079,44.563999],[40.406351,44.4993],[40.407797,44.342875],[40.43653,44.284403],[40.366456,44.198052],[40.383406,44.033385],[40.455236,43.981011],[40.336381,43.769241],[40.27902,43.751232],[39.930514,43.898096],[39.729699,43.917991],[39.754297,44.060877],[39.71802,44.117798],[39.800289,44.189809],[39.904676,44.076741],[39.988495,44.07762],[40.078205,44.244173],[39.970925,44.256007],[39.907776,44.324633],[39.792641,44.357112],[39.87429,44.472531],[39.914804,44.582886],[39.914908,44.698616],[40.019811,44.723834],[39.883798,45.007434],[39.750267,44.934699],[39.639162,45.03397],[39.495088,45.030688],[39.489301,44.96661],[39.631617,44.857572],[39.552656,44.806516],[39.063797,44.81034],[38.760353,44.938601],[38.72821,45.012498],[38.920963,45.016529],[39.042299,44.965938],[39.324246,45.001233],[39.540047,45.15559],[39.641643,45.192952],[39.751507,45.126548]]]}},{"type":"Feature","properties":{"name":"Karachay-Cherkess"},"geometry":{"type":"Polygon","coordinates":[[[42.362302,43.225792],[42.279673,43.228059],[42.122215,43.207337],[42.087798,43.199121],[42.049971,43.190129],[41.580542,43.219249],[41.460756,43.276299],[41.35823,43.333376],[41.083105,43.374485],[40.942028,43.418074],[40.801675,43.47993],[40.688726,43.519599],[40.723437,43.631497],[40.723851,43.810479],[40.781728,43.926828],[40.95071,43.989382],[40.985437,44.11555],[41.255911,44.080617],[41.282473,44.011629],[41.449491,43.993904],[41.538478,44.08532],[41.632529,44.121907],[41.711491,44.24301],[41.704049,44.308355],[41.602247,44.367473],[41.729371,44.458553],[41.904554,44.494752],[41.944551,44.402923],[42.037982,44.363907],[42.229805,44.343702],[42.34587,44.305565],[42.499143,44.298898],[42.55547,44.244897],[42.303082,44.128521],[42.305976,44.057725],[42.378116,43.971477],[42.496972,44.030439],[42.660063,43.9167],[42.683214,43.807171],[42.671432,43.695628],[42.459972,43.615426],[42.478679,43.499826],[42.404678,43.395439],[42.404265,43.283663],[42.362302,43.225792]]]}},{"type":"Feature","properties":{"name":"Ingush"},"geometry":{"type":"Polygon","coordinates":[[[45.077442,42.692902],[45.071595,42.694164],[44.943386,42.73026],[44.870988,42.756383],[44.850524,42.746823],[44.771045,42.616779],[44.691774,42.709641],[44.644335,42.73473],[44.628418,42.882783],[44.852177,42.836404],[44.936617,42.920249],[44.915326,43.070911],[44.818381,43.162947],[44.712858,43.217879],[44.574882,43.240307],[44.572401,43.392494],[44.498711,43.392132],[44.521965,43.564473],[44.615913,43.609948],[44.767531,43.619844],[44.838535,43.58411],[45.046687,43.494348],[45.120998,43.204056],[45.169264,43.127368],[45.137225,43.07458],[45.161306,42.946423],[45.136604,42.835138],[45.171848,42.791704],[45.077442,42.692902]]]}},{"type":"Feature","properties":{"name":"Kabardin-Balkar"},"geometry":{"type":"Polygon","coordinates":[[[43.38636,42.887111],[43.34798,42.896658],[43.089184,42.989056],[43.000146,43.049672],[42.991619,43.091479],[42.890023,43.132613],[42.760625,43.169562],[42.66027,43.159071],[42.566012,43.155144],[42.419044,43.224235],[42.362302,43.225792],[42.404265,43.283663],[42.404678,43.395439],[42.478679,43.499826],[42.459972,43.615426],[42.671432,43.695628],[42.683214,43.807171],[42.852093,43.817119],[42.975083,43.890965],[43.111198,43.896494],[43.17476,43.947809],[43.266021,43.909775],[43.300024,43.823992],[43.501769,43.866573],[43.728732,43.83872],[43.803352,43.940548],[43.906085,43.994214],[44.258519,43.924606],[44.284873,43.81885],[44.327765,43.664208],[44.433081,43.65408],[44.379751,43.490214],[44.181107,43.356734],[44.10783,43.430657],[44.03569,43.364795],[44.084266,43.274361],[43.89823,43.253898],[43.848104,43.31007],[43.735243,43.110237],[43.566158,42.938826],[43.436863,42.950428],[43.38636,42.887111]]]}},{"type":"Feature","properties":{"name":"North Ossetia"},"geometry":{"type":"Polygon","coordinates":[[[44.644335,42.73473],[44.576432,42.748476],[44.505894,42.748657],[44.329522,42.703492],[44.199711,42.653624],[44.102714,42.616365],[44.004684,42.595592],[43.957452,42.566549],[43.825987,42.57151],[43.759841,42.593835],[43.738344,42.616986],[43.749919,42.6575],[43.795394,42.702975],[43.798702,42.72778],[43.782579,42.747003],[43.623105,42.807723],[43.557786,42.844465],[43.38636,42.887111],[43.436863,42.950428],[43.566158,42.938826],[43.735243,43.110237],[43.848104,43.31007],[43.89823,43.253898],[44.084266,43.274361],[44.03569,43.364795],[44.10783,43.430657],[44.181107,43.356734],[44.379751,43.490214],[44.433081,43.65408],[44.327765,43.664208],[44.284873,43.81885],[44.399285,43.795157],[44.693634,43.829883],[44.803498,43.802055],[44.838741,43.661056],[44.838535,43.58411],[44.767531,43.619844],[44.615913,43.609948],[44.521965,43.564473],[44.498711,43.392132],[44.572401,43.392494],[44.574882,43.240307],[44.712858,43.217879],[44.818381,43.162947],[44.915326,43.070911],[44.936617,42.920249],[44.852177,42.836404],[44.628418,42.882783],[44.644335,42.73473]]]}},{"type":"Feature","properties":{"name":"Stavropol'"},"geometry":{"type":"Polygon","coordinates":[[[41.712627,45.996004],[42.149707,45.948979],[42.177405,46.099099],[42.339669,46.107108],[42.317448,45.980811],[42.533456,45.997658],[42.671225,46.088402],[42.834626,46.155788],[42.905423,46.240279],[42.991412,46.179559],[43.237289,46.112431],[43.392525,46.016003],[43.568328,45.981018],[43.742271,45.978899],[43.87756,45.94549],[44.096978,45.773899],[44.148241,45.652511],[44.207152,45.610007],[44.420989,45.52673],[44.706346,45.506008],[45.352509,45.243389],[45.586189,45.158303],[45.711866,45.013687],[45.705975,44.975782],[45.621123,44.898965],[45.613991,44.766002],[45.434881,44.617484],[45.27086,44.59056],[45.237373,44.460129],[45.398397,44.444419],[45.443769,44.402458],[45.404495,44.317502],[45.130713,44.268306],[45.124099,44.202367],[45.506298,44.190481],[45.509398,44.015195],[45.459065,43.999899],[45.43178,43.878614],[45.237373,43.880164],[45.189728,43.951736],[45.083378,43.95277],[45.079864,43.787715],[44.999972,43.704568],[44.838741,43.661056],[44.803498,43.802055],[44.693634,43.829883],[44.399285,43.795157],[44.284873,43.81885],[44.258519,43.924606],[43.906085,43.994214],[43.803352,43.940548],[43.728732,43.83872],[43.501769,43.866573],[43.300024,43.823992],[43.266021,43.909775],[43.17476,43.947809],[43.111198,43.896494],[42.975083,43.890965],[42.852093,43.817119],[42.683214,43.807171],[42.660063,43.9167],[42.496972,44.030439],[42.378116,43.971477],[42.305976,44.057725],[42.303082,44.128521],[42.55547,44.244897],[42.499143,44.298898],[42.34587,44.305565],[42.229805,44.343702],[42.037982,44.363907],[41.944551,44.402923],[41.904554,44.494752],[41.729371,44.458553],[41.701879,44.501367],[41.56659,44.546015],[41.417452,44.707762],[41.538374,44.736339],[41.651029,44.89664],[41.641521,44.980976],[41.469335,44.98697],[41.347068,45.121897],[41.359574,45.212021],[41.260149,45.228144],[41.03825,45.21817],[41.008071,45.384827],[40.924769,45.42994],[40.840846,45.538823],[40.870302,45.695919],[41.172195,45.701629],[41.274411,45.754107],[41.260562,45.872032],[41.162377,45.953552],[41.375387,45.946808],[41.420139,45.994764],[41.65847,45.976057],[41.712627,45.996004]]]}},{"type":"Feature","properties":{"name":"Chukchi Autonomous Okrug"},"geometry":{"type":"MultiPolygon","coordinates":[[[[162.408447,69.651012],[162.944629,69.682764],[163.201367,69.714746],[163.498047,69.693262],[163.705273,69.701807],[163.945996,69.735156],[164.15957,69.719287],[164.513281,69.609131],[165.760742,69.584424],[165.980469,69.545996],[166.820312,69.499561],[166.884375,69.499902],[167.073145,69.554443],[167.628125,69.740332],[167.856836,69.728223],[167.950098,69.69917],[168.047656,69.625635],[168.15,69.577393],[168.22998,69.447021],[168.303027,69.271484],[168.423047,69.239502],[168.587598,69.228369],[168.946191,69.16333],[169.310645,69.079541],[169.414648,68.919629],[169.609863,68.786035],[170.065625,68.798682],[170.537598,68.825391],[170.99541,69.045312],[170.99668,69.134717],[170.883789,69.263623],[170.71416,69.388232],[170.582227,69.58335],[170.160938,69.626563],[170.201172,69.683203],[170.35957,69.750977],[170.503125,69.856543],[170.525391,69.937891],[170.486816,70.107568],[170.867969,70.096045],[171.24668,70.076123],[171.970508,70.000342],[172.55957,69.968359],[172.869238,69.919775],[173.056348,69.864941],[173.277441,69.823828],[173.35332,69.924023],[173.438672,69.946826],[173.733398,69.891113],[173.948047,69.874121],[174.319434,69.881641],[174.785547,69.855664],[175.295605,69.860059],[175.751172,69.90415],[175.921484,69.895313],[176.10752,69.860303],[176.410449,69.768506],[176.924414,69.645996],[177.394531,69.611621],[177.933691,69.495605],[178.442773,69.452979],[178.84834,69.387207],[178.906934,69.362109],[178.925,69.325977],[178.950684,69.295801],[179.272656,69.259668],[179.868262,69.012695],[179.999783,68.983496],[179.999563,65.067153],[179.827344,65.03418],[179.651367,64.920947],[179.448242,64.822021],[179.15,64.781592],[178.698438,64.631104],[178.519531,64.602979],[178.285352,64.672266],[177.748633,64.717041],[177.581641,64.777881],[177.337012,64.931348],[177.251855,64.953613],[177.179199,65.014111],[176.880859,65.081934],[176.624805,65.037598],[176.413086,65.07124],[176.341016,65.047314],[176.452148,65.025244],[176.645508,65.007178],[176.940039,65.016016],[177.037305,64.999658],[177.123438,64.947021],[177.222852,64.86167],[177.148242,64.804834],[177.06875,64.78667],[176.831055,64.849219],[176.556641,64.83999],[176.429492,64.855176],[176.061133,64.960889],[175.781152,64.844043],[175.396484,64.783691],[175.097754,64.776855],[174.548828,64.683887],[174.698633,64.681445],[175.09707,64.746631],[175.330664,64.746631],[175.67793,64.782471],[175.858594,64.825293],[175.945898,64.865186],[176.056543,64.904736],[176.169238,64.884766],[176.246973,64.843018],[176.300879,64.783838],[176.350977,64.705127],[176.283203,64.663818],[176.219434,64.641943],[176.140918,64.58584],[176.507617,64.682422],[176.730957,64.624854],[176.842871,64.633789],[177.049805,64.719238],[177.3875,64.774023],[177.427441,64.763379],[177.467188,64.736816],[177.409863,64.572803],[177.43291,64.444482],[177.6875,64.304736],[177.95332,64.222266],[178.044727,64.21958],[178.130566,64.235254],[178.163965,64.309082],[178.229492,64.364404],[178.312988,64.314404],[178.381445,64.260889],[178.477148,64.127881],[178.474805,64.089014],[178.451367,64.011377],[178.536035,63.975635],[178.650293,63.965283],[178.69248,63.842334],[178.731445,63.66709],[178.681348,63.650732],[178.625977,63.650732],[178.44043,63.605566],[178.466113,63.574072],[178.653711,63.556641],[178.706445,63.521533],[178.668848,63.439941],[178.678711,63.402295],[178.744043,63.394775],[178.786719,63.442432],[178.775391,63.510254],[178.792969,63.540332],[178.918555,63.400244],[178.921484,63.34502],[179.028125,63.282422],[179.332324,63.190186],[179.388574,63.147217],[179.405078,63.077734],[179.329004,63.05791],[179.25957,63.008301],[179.302148,62.939844],[179.381055,62.883691],[179.510938,62.862793],[179.570508,62.773486],[179.570508,62.6875],[179.477246,62.613086],[179.288672,62.510352],[179.176953,62.469189],[179.133887,62.396436],[179.120703,62.320361],[179.044629,62.323682],[178.963867,62.355273],[178.019238,62.546973],[177.663086,62.582813],[177.35127,62.587451],[177.292578,62.599023],[177.295898,62.644482],[177.31582,62.685254],[177.359668,62.736963],[177.338965,62.781348],[177.29834,62.784229],[177.258691,62.750439],[177.172656,62.750342],[177.091211,62.789551],[177.023535,62.777246],[176.990039,62.722217],[176.963477,62.693262],[176.964746,62.658643],[177.008008,62.626562],[177.189648,62.591602],[177.159473,62.560986],[176.907422,62.536084],[176.702539,62.505762],[176.436523,62.41084],[176.328418,62.346045],[175.613867,62.184375],[175.441992,62.12793],[175.36582,62.121338],[175.267871,62.102393],[175.192383,62.034424],[174.797559,61.938867],[174.715039,61.9479],[174.610547,61.867627],[174.514355,61.823633],[174.454226,61.822033],[174.468452,61.978801],[174.343705,62.04996],[174.116535,62.073834],[174.112194,62.188504],[174.015456,62.269274],[174.093384,62.339813],[174.079845,62.447041],[173.872416,62.44053],[173.797588,62.51789],[173.503859,62.53409],[173.026576,62.375366],[172.85253,62.331493],[172.705045,62.402393],[172.416794,62.431538],[172.318816,62.403995],[172.054749,62.466523],[171.469565,62.312011],[171.217591,62.368545],[170.900608,62.279351],[170.381983,62.311132],[170.261577,62.285397],[170.159361,62.341828],[170.086394,62.491948],[169.986141,62.54502],[170.009913,62.677389],[169.842481,62.655349],[169.656859,62.708886],[169.514439,62.813531],[169.126659,62.972539],[168.939177,62.943755],[168.510159,63.054084],[168.544472,63.126483],[168.79562,63.303087],[169.098547,63.439952],[169.205207,63.51571],[169.509168,63.583613],[169.582238,63.643402],[169.549372,63.810989],[169.364371,63.879822],[169.344423,63.949895],[169.079323,63.958732],[168.873548,64.020718],[168.777946,64.184506],[168.638317,64.211016],[168.498687,64.317366],[168.198137,64.338657],[168.025744,64.285999],[167.815421,64.350801],[167.714135,64.340724],[167.497818,64.481026],[167.413689,64.481697],[167.236955,64.623653],[167.000277,64.549755],[166.806801,64.532935],[166.405998,64.600657],[166.198569,64.608977],[166.034548,64.559471],[165.74299,64.678791],[165.683975,64.753981],[165.481403,64.743284],[165.329475,64.775478],[165.262709,64.850616],[165.020346,64.836663],[165.003706,64.689902],[164.881957,64.685923],[164.797931,64.771602],[164.216364,64.9249],[163.872819,64.865395],[163.520283,64.931437],[163.345203,64.818473],[163.136947,64.770207],[163.11731,64.693261],[162.996904,64.648664],[162.735731,64.661221],[162.607677,64.73424],[162.292864,64.742353],[161.784471,64.838084],[161.644842,65.013086],[161.417362,65.068742],[161.281143,65.140675],[161.009945,65.169821],[160.687588,65.149124],[160.536589,65.161966],[160.41825,65.25147],[160.17382,65.376062],[160.169996,65.450527],[159.997087,65.523339],[159.834203,65.528507],[159.376556,65.657698],[158.9217,65.743016],[158.933689,65.902567],[159.052442,66.04801],[159.202924,66.163869],[159.16644,66.234045],[158.77587,66.283758],[158.52896,66.359387],[158.367522,66.459122],[158.470359,66.488035],[158.636653,66.619138],[158.715822,66.730863],[158.905164,66.802744],[158.702592,67.055236],[158.298689,67.147685],[157.958452,67.258143],[157.79257,67.357904],[157.876183,67.412836],[157.692008,67.54549],[157.805903,67.70548],[158.329179,67.753591],[158.269854,67.823406],[158.093327,67.840407],[158.276572,68.076],[158.632623,68.141629],[158.933896,68.143645],[159.111043,68.19067],[159.69323,68.238677],[159.850119,68.277435],[160.997026,68.300999],[161.225539,68.383785],[161.4062,68.411845],[161.710678,68.373398],[162.178143,68.354588],[162.417611,68.309061],[162.535433,68.362778],[162.580909,68.501245],[162.723226,68.605167],[162.606437,68.714411],[162.594345,68.795646],[162.755265,68.802209],[162.846939,68.869285],[162.55414,68.991293],[162.523755,69.117797],[162.774179,69.203373],[162.520654,69.324709],[162.315395,69.546789],[162.408447,69.651012]]],[[[179.999897,70.993003],[179.881348,70.975684],[179.647656,70.898926],[179.152539,70.880273],[178.861523,70.826416],[178.792578,70.82207],[178.648242,71.000586],[178.62832,71.047363],[178.683887,71.105664],[178.829004,71.177881],[178.891113,71.231104],[179.235059,71.324512],[179.547656,71.447656],[179.715918,71.466211],[179.886426,71.52334],[180,71.537744],[179.999897,70.993003]]],[[[168.35791,70.015674],[169.374805,69.882617],[169.420703,69.856055],[169.433594,69.832178],[169.418164,69.779199],[169.332422,69.76958],[169.299121,69.734766],[169.263379,69.628711],[169.245801,69.601123],[169.200781,69.580469],[168.915723,69.571436],[168.348047,69.664355],[168.144336,69.71333],[167.992676,69.77583],[167.821289,69.819629],[167.788867,69.836865],[167.813965,69.873047],[167.864746,69.901074],[168.05957,69.974902],[168.196289,70.008398],[168.35791,70.015674]]],[[[-179.999951,68.983447],[-179.798535,68.94043],[-179.59541,68.906494],[-179.514502,68.917139],[-179.47085,68.912402],[-179.355957,68.852979],[-179.279297,68.825195],[-178.873877,68.754102],[-178.689307,68.675146],[-178.538525,68.585645],[-178.613672,68.603076],[-178.751465,68.660449],[-178.736523,68.593018],[-178.692627,68.545996],[-178.473926,68.501758],[-178.244482,68.46665],[-178.097461,68.424805],[-178.048682,68.388428],[-178.018701,68.322754],[-178.055811,68.264893],[-177.922412,68.286523],[-177.796777,68.337988],[-177.861816,68.378223],[-178.284521,68.518555],[-178.373047,68.565674],[-178.249854,68.541406],[-177.683203,68.362793],[-177.527246,68.294385],[-177.593213,68.281152],[-177.639355,68.241211],[-177.589209,68.224219],[-177.520898,68.236865],[-177.40752,68.245166],[-177.297412,68.22251],[-177.171826,68.174658],[-176.907275,68.119141],[-175.345215,67.678076],[-175.309863,67.602051],[-175.265918,67.566504],[-175.239551,67.521094],[-175.23252,67.44668],[-175.374707,67.357373],[-175.155078,67.365381],[-175.122803,67.376953],[-175.065625,67.413428],[-175.002686,67.4375],[-174.918066,67.407568],[-174.849854,67.348877],[-174.869922,67.268506],[-174.93042,67.203467],[-174.938135,67.093018],[-174.885059,67.000244],[-174.828711,66.961377],[-174.783643,66.916797],[-174.771191,66.784326],[-174.870117,66.724902],[-174.924902,66.623145],[-174.864258,66.613135],[-174.674658,66.603418],[-174.612451,66.5854],[-174.50376,66.537939],[-174.477734,66.492188],[-174.45376,66.429883],[-174.418701,66.371973],[-174.394092,66.344238],[-174.366064,66.34834],[-174.256982,66.428467],[-174.206006,66.452344],[-174.084766,66.473096],[-174.017725,66.38252],[-174.065039,66.22959],[-174.025439,66.229687],[-173.994482,66.245801],[-173.955469,66.286768],[-173.899951,66.310498],[-173.832031,66.366064],[-173.773975,66.434668],[-173.842529,66.488281],[-173.920947,66.521777],[-174.101855,66.540625],[-174.196338,66.580713],[-174.231592,66.631885],[-174.1396,66.652637],[-174.060596,66.689795],[-174.005518,66.778613],[-174.018848,66.827393],[-174.041016,66.875488],[-174.086426,66.942871],[-174.154346,66.982031],[-174.283545,67.001563],[-174.341846,67.039746],[-174.430908,67.037646],[-174.518945,67.049072],[-174.554492,67.063037],[-174.550098,67.090625],[-174.447607,67.103125],[-173.884033,67.106445],[-173.679688,67.144775],[-173.586572,67.132764],[-173.493994,67.105176],[-173.157813,67.069092],[-173.167627,67.052246],[-173.22417,67.035107],[-173.323535,66.954834],[-173.343066,66.909229],[-173.347363,66.851367],[-173.258936,66.840088],[-173.175391,66.8646],[-173.216162,66.91123],[-173.228271,66.968555],[-173.193018,66.993604],[-173.146826,66.998975],[-173.058496,66.955859],[-172.962598,66.942139],[-172.640576,66.925],[-172.549365,66.930518],[-172.520117,66.95249],[-172.582959,66.977832],[-173.001904,67.033984],[-173.00752,67.064893],[-172.621045,67.026807],[-172.447314,66.991748],[-172.273926,66.965576],[-172.031494,66.973291],[-171.795557,66.931738],[-171.56958,66.818701],[-171.360498,66.676758],[-171.149268,66.592725],[-170.92666,66.529736],[-170.555664,66.357227],[-170.509521,66.343652],[-170.473096,66.320264],[-170.542822,66.291064],[-170.604443,66.248926],[-170.483301,66.278076],[-170.361133,66.2979],[-170.301221,66.294043],[-170.246973,66.271875],[-170.211621,66.236426],[-170.191943,66.20127],[-170.243945,66.169287],[-169.888818,66.163477],[-169.777881,66.143115],[-169.72915,66.058105],[-169.831689,65.998926],[-169.891699,66.006104],[-169.949316,66.031006],[-170.003809,66.033496],[-170.159424,66.008057],[-170.401025,65.928516],[-170.540674,65.86543],[-170.563037,65.823584],[-170.541406,65.710254],[-170.560986,65.65625],[-170.666309,65.621533],[-170.896875,65.642627],[-171.001465,65.664893],[-171.118994,65.69502],[-171.232031,65.736865],[-171.376855,65.803955],[-171.421533,65.810352],[-171.451172,65.794238],[-171.401709,65.751758],[-171.303223,65.698486],[-171.134424,65.628076],[-171.054248,65.549951],[-171.105859,65.511035],[-171.169971,65.5021],[-171.216016,65.502783],[-171.36377,65.527197],[-171.46626,65.533105],[-171.790381,65.510449],[-171.907129,65.495947],[-171.947168,65.507959],[-171.957178,65.54209],[-172.131494,65.566943],[-172.233887,65.570459],[-172.282275,65.582324],[-172.322266,65.617529],[-172.435693,65.669629],[-172.607715,65.690039],[-172.719189,65.692432],[-172.783301,65.681055],[-172.556543,65.612012],[-172.353955,65.495996],[-172.391992,65.474561],[-172.417773,65.449561],[-172.305713,65.447803],[-172.232812,65.455713],[-172.211572,65.425195],[-172.269873,65.302734],[-172.309277,65.275635],[-172.661914,65.248535],[-172.573145,65.228223],[-172.48208,65.221875],[-172.378711,65.226709],[-172.286035,65.205713],[-172.223682,65.128711],[-172.213184,65.048145],[-172.304346,65.002148],[-172.39873,64.964746],[-172.592822,64.907959],[-172.79248,64.88291],[-172.897363,64.889209],[-172.999121,64.876611],[-173.066211,64.847168],[-173.085791,64.817334],[-172.998047,64.837109],[-172.896875,64.826074],[-172.801074,64.790527],[-172.811572,64.761182],[-172.902588,64.729199],[-172.924023,64.704932],[-172.889062,64.664014],[-172.900879,64.628857],[-172.85415,64.609912],[-172.746875,64.603271],[-172.616113,64.577881],[-172.487402,64.544189],[-172.436621,64.515332],[-172.393848,64.474658],[-172.37876,64.431543],[-172.401465,64.413916],[-172.694678,64.40708],[-172.73916,64.412256],[-172.755957,64.459961],[-172.791504,64.498926],[-172.903174,64.526074],[-172.949023,64.507373],[-172.915869,64.369434],[-172.960059,64.327686],[-173.009131,64.297461],[-173.157422,64.279736],[-173.275488,64.289648],[-173.375684,64.354883],[-173.375537,64.4104],[-173.309229,64.442676],[-173.309326,64.487451],[-173.32749,64.539551],[-173.395654,64.479004],[-173.474951,64.428613],[-173.603613,64.365479],[-173.665967,64.357324],[-173.729736,64.364502],[-173.897852,64.409717],[-174.001367,64.448975],[-174.204834,64.577783],[-174.318018,64.637646],[-174.570557,64.717773],[-174.830469,64.775977],[-175.036035,64.813672],[-175.14585,64.809277],[-175.255908,64.793994],[-175.395117,64.802393],[-175.442139,64.816699],[-175.483203,64.848584],[-175.520654,64.86709],[-175.715869,64.946094],[-175.853857,65.01084],[-175.859473,65.054199],[-175.830225,65.105518],[-175.856152,65.232812],[-175.922949,65.35249],[-176.093262,65.471045],[-176.547461,65.547559],[-176.922119,65.601367],[-177.05625,65.613623],[-177.175244,65.60166],[-177.48877,65.503711],[-177.698633,65.489697],[-178.310205,65.484863],[-178.4125,65.495557],[-178.504639,65.537207],[-178.525928,65.593018],[-178.499316,65.696631],[-178.502344,65.74043],[-178.526221,65.755225],[-178.558545,65.754004],[-178.67915,65.795361],[-178.791064,65.864746],[-178.879346,65.936475],[-178.939063,66.032764],[-178.858252,66.037549],[-178.746729,66.013672],[-178.730566,66.037256],[-178.693799,66.124219],[-178.61626,66.166016],[-178.586523,66.198437],[-178.534131,66.316553],[-178.526563,66.401562],[-178.615771,66.355176],[-178.752783,66.237256],[-178.82085,66.202686],[-178.868115,66.187061],[-178.915527,66.179932],[-179.026123,66.203516],[-179.105078,66.231934],[-179.106885,66.346094],[-179.143408,66.375049],[-179.178369,66.35332],[-179.192676,66.312549],[-179.293164,66.305078],[-179.340137,66.2875],[-179.316211,66.219824],[-179.327197,66.162598],[-179.422656,66.141064],[-179.616162,66.127881],[-179.683301,66.184131],[-179.740869,66.105762],[-179.783643,66.017969],[-179.789697,65.900879],[-179.72832,65.803809],[-179.640625,65.757568],[-179.449072,65.687842],[-179.365967,65.638623],[-179.344385,65.575244],[-179.3521,65.516748],[-179.45166,65.445312],[-179.519336,65.386279],[-179.635156,65.244141],[-179.70459,65.187207],[-180,65.067236],[-179.999951,68.983447]]],[[[-180,71.537744],[-179.844873,71.550977],[-179.691016,71.577979],[-179.546387,71.582422],[-179.402051,71.56665],[-179.256494,71.57168],[-179.111572,71.596191],[-178.994043,71.593213],[-178.876465,71.577051],[-178.438965,71.541162],[-178.353564,71.529199],[-178.214697,71.481641],[-178.133887,71.465479],[-178.056641,71.437598],[-177.974805,71.390527],[-177.816992,71.33999],[-177.584131,71.281689],[-177.532178,71.263086],[-177.498486,71.219141],[-177.523584,71.166895],[-177.821777,71.067578],[-178.062695,71.041943],[-178.527979,71.014795],[-179.156885,70.939844],[-179.415674,70.918994],[-179.506689,70.923438],[-179.734033,70.97168],[-179.99993,70.993016],[-180,71.537744]]]]}},{"type":"Feature","properties":{"name":"Kaliningrad"},"geometry":{"type":"Polygon","coordinates":[[[20.899789,55.286652],[20.957799,55.278916],[20.859375,55.183643],[20.594824,54.982373],[20.677734,54.955664],[20.774023,54.947021],[20.8875,54.909473],[20.995898,54.902686],[21.188867,54.935205],[21.222852,55.107764],[21.235745,55.264119],[21.297594,55.264456],[21.389217,55.275541],[21.447094,55.234407],[21.554685,55.195288],[21.682739,55.160354],[21.873942,55.10072],[22.072379,55.063668],[22.137853,55.059379],[22.346368,55.064236],[22.567284,55.05912],[22.627436,54.970702],[22.736576,54.928844],[22.824685,54.871276],[22.831196,54.838462],[22.709653,54.632609],[22.684435,54.562923],[22.679836,54.493005],[22.724329,54.405594],[22.766239,54.356786],[22.731822,54.35012],[22.168497,54.359886],[21.634163,54.376475],[21.14055,54.391822],[20.664713,54.406628],[20.208204,54.420761],[19.924345,54.43399],[19.644207,54.44709],[19.604364,54.459157],[19.758496,54.544824],[19.858887,54.633838],[19.944141,54.75],[19.953223,54.830469],[19.974512,54.921191],[20.107617,54.956494],[20.39668,54.95127],[20.520313,54.994873],[20.678906,55.102637],[20.845703,55.232031],[20.899789,55.286652]]]}},{"type":"Feature","properties":{"name":"Murmansk"},"geometry":{"type":"Polygon","coordinates":[[[36.524238,63.976454],[36.554699,63.763964],[36.374969,63.644953],[35.944607,63.619683],[35.882286,63.573355],[36.057985,63.46008],[36.219836,63.416491],[36.262004,63.23552],[36.320192,63.161313],[36.258903,63.03176],[36.500542,62.826036],[36.759545,62.717671],[37.080765,62.656072],[37.352273,62.683823],[37.504926,62.645324],[37.587505,62.472673],[37.572622,62.360638],[37.429891,62.237183],[37.718763,62.203413],[37.807749,61.99756],[37.926605,61.968259],[37.857255,61.697681],[37.761964,61.648227],[37.77292,61.522137],[37.278273,61.500536],[36.996429,61.594432],[36.87344,61.544926],[36.577644,61.529475],[36.466849,61.406588],[35.603853,61.188307],[35.392186,61.161668],[35.258034,61.254246],[34.822195,61.278327],[34.740547,61.32003],[34.543866,61.270059],[34.457256,61.167791],[34.216134,61.241947],[33.534935,61.220811],[33.45153,61.133685],[33.584958,61.071286],[33.696269,61.12167],[33.867111,61.070536],[33.752286,60.943671],[33.406364,60.989301],[33.422591,60.935971],[33.253402,60.898841],[33.078012,60.737895],[32.909961,60.724407],[32.703358,60.645704],[29.869526,61.176292],[29.576417,61.170737],[29.491255,61.239156],[29.27736,61.304507],[29.49234,61.444234],[29.579415,61.493482],[29.690157,61.546114],[29.933191,61.711582],[30.009931,61.757368],[30.306502,61.964849],[30.479721,62.068201],[30.565608,62.127578],[30.935714,62.323793],[31.186758,62.481406],[31.285667,62.567809],[31.382405,62.691652],[31.437337,62.776117],[31.534024,62.885413],[31.536504,62.921638],[31.509271,62.955331],[31.436976,63.007731],[31.336723,63.068089],[31.247426,63.141883],[31.180867,63.208287],[30.974782,63.300633],[30.655266,63.417473],[30.418536,63.504031],[30.055406,63.689007],[29.991534,63.73518],[30.004091,63.747324],[30.21028,63.803341],[30.415332,63.947518],[30.503906,64.020589],[30.526075,64.077304],[30.527884,64.141124],[30.513776,64.200009],[30.487886,64.236545],[30.390683,64.282433],[30.108116,64.366123],[30.041867,64.443379],[29.986625,64.524279],[29.985591,64.557739],[30.120157,64.644633],[30.126151,64.688093],[30.110235,64.732587],[30.072821,64.765039],[29.783226,64.804313],[29.701681,64.845758],[29.637447,64.911749],[29.604219,64.968386],[29.600912,65.00195],[29.622513,65.039493],[29.720026,65.080317],[29.810873,65.107913],[29.826945,65.145068],[29.826221,65.185324],[29.810563,65.204754],[29.629696,65.223874],[29.612384,65.234778],[29.607992,65.248679],[29.617138,65.265345],[29.714807,65.336942],[29.728036,65.47342],[29.819452,65.568763],[29.715944,65.624573],[29.723902,65.634392],[29.882652,65.663641],[30.028999,65.670721],[30.095352,65.681676],[30.102742,65.726273],[30.087497,65.786527],[29.936602,66.022973],[29.903426,66.091082],[29.803484,66.177072],[29.720646,66.234872],[29.670882,66.276136],[29.590732,66.356829],[29.544378,66.439718],[29.464331,66.532167],[29.37121,66.617019],[29.361784,66.626508],[29.29323,66.695516],[29.093088,66.849227],[29.066268,66.891731],[29.069006,66.930204],[29.08699,66.970951],[29.243414,67.096602],[29.387747,67.201428],[29.572283,67.324366],[29.750619,67.426401],[29.941253,67.547479],[29.988072,67.668273],[29.979235,67.688582],[29.82157,67.754004],[29.524172,67.929084],[29.343873,68.061867],[29.06296,68.117961],[28.685206,68.189792],[28.560097,68.351358],[28.470748,68.488378],[28.479327,68.537626],[28.752075,68.771436],[28.777603,68.81381],[28.772849,68.840036],[28.74484,68.856469],[28.705928,68.865538],[28.453488,68.872282],[28.414008,68.904167],[28.56604,68.928248],[28.692234,68.961011],[28.898939,69.00969],[28.96586,69.021989],[29.118564,69.049946],[29.170861,69.071521],[29.209928,69.097023],[29.35302,69.27063],[29.388315,69.298148],[29.832732,69.360469],[29.994066,69.392457],[30.08729,69.432868],[30.131887,69.464236],[30.163772,69.501598],[30.186716,69.542784],[30.196534,69.580559],[30.159741,69.629859],[30.180153,69.635853],[30.22754,69.633786],[30.379676,69.584694],[30.615372,69.532552],[30.788901,69.528521],[30.860732,69.538417],[30.896647,69.561232],[30.922485,69.605829],[30.924139,69.65177],[30.869727,69.783447],[31.049512,69.769238],[31.452734,69.6896],[31.546973,69.696924],[31.666211,69.720996],[31.788574,69.815771],[31.879395,69.831982],[31.997949,69.809912],[32.030566,69.835303],[31.969336,69.913916],[31.98457,69.953662],[32.391602,69.868701],[32.56543,69.806494],[32.941699,69.751855],[33.007812,69.722119],[33.012598,69.670508],[32.994629,69.626172],[32.915039,69.601709],[32.754297,69.605713],[32.176758,69.674023],[32.091504,69.632568],[32.161328,69.596631],[32.330566,69.554248],[32.377734,69.479102],[32.636816,69.489453],[32.883789,69.46084],[32.999805,69.470117],[33.020996,69.445605],[32.941602,69.38335],[32.978906,69.367334],[33.255859,69.427734],[33.384863,69.444287],[33.454297,69.428174],[33.463672,69.378174],[33.417969,69.315283],[33.412988,69.267432],[33.327734,69.151855],[33.196387,69.116846],[33.141211,69.068701],[33.333398,69.098193],[33.435645,69.130371],[33.627051,69.28916],[33.684375,69.310254],[34.229395,69.313135],[34.352734,69.30293],[34.863965,69.228076],[35.00957,69.22124],[35.175879,69.230811],[35.233203,69.265576],[35.289844,69.275439],[35.85791,69.191748],[36.618262,69.003467],[37.730566,68.692139],[38.357617,68.415137],[38.430176,68.355615],[38.656836,68.321875],[38.705566,68.344727],[38.831543,68.324902],[39.568945,68.071729],[39.82334,68.058594],[39.789746,68.112158],[39.746289,68.162207],[39.809277,68.15083],[39.895605,68.114502],[40.035742,68.015381],[40.206641,67.941895],[40.380664,67.831885],[40.525781,67.789697],[40.656543,67.774072],[40.766309,67.743018],[40.966406,67.713477],[41.060938,67.444189],[41.133887,67.386035],[41.133887,67.266943],[41.261719,67.218457],[41.358789,67.209668],[41.354297,67.121436],[41.275586,66.914307],[41.188965,66.826172],[40.521582,66.446631],[40.10332,66.299951],[39.289062,66.132031],[38.653906,66.069043],[38.397559,66.064453],[37.900684,66.095605],[37.628223,66.12959],[37.294824,66.225049],[36.983691,66.272559],[36.769922,66.293555],[36.373438,66.302295],[35.513477,66.395801],[35.363965,66.428662],[34.824609,66.611133],[34.610254,66.559619],[34.482617,66.550342],[34.396094,66.613184],[34.430859,66.629785],[34.451563,66.651221],[34.146094,66.703271],[33.893652,66.706738],[33.75957,66.750977],[33.59541,66.784619],[33.522949,66.764355],[33.482031,66.764551],[33.150195,66.843945],[33.001953,66.908301],[32.847559,67.021533],[32.885254,67.061133],[32.930469,67.086816],[32.399902,67.152686],[31.895313,67.161426],[31.983008,67.129834],[32.201563,67.113232],[32.340625,67.067871],[32.500977,67.003857],[32.463672,66.916309],[32.686426,66.829541],[32.857324,66.746924],[32.862402,66.721387],[32.928711,66.704102],[33.180566,66.679932],[33.224414,66.603857],[33.18291,66.573877],[33.183004,66.573762],[33.217383,66.531641],[33.405273,66.484277],[33.517676,66.471387],[33.655957,66.442627],[33.593262,66.38457],[33.476953,66.346875],[33.360547,66.329541],[33.41582,66.315625],[33.566699,66.320996],[34.112695,66.225244],[34.399805,66.128418],[34.691797,65.951855],[34.786328,65.864551],[34.793164,65.816357],[34.776953,65.768262],[34.734766,65.716309],[34.715527,65.664062],[34.615723,65.509912],[34.544141,65.456689],[34.406445,65.395752],[34.535938,65.27793],[34.671094,65.168115],[34.803516,64.985986],[34.827148,64.912695],[34.832617,64.800195],[34.952246,64.755957],[34.905469,64.738672],[34.858301,64.706689],[34.869531,64.56001],[35.035352,64.440234],[35.284082,64.362549],[35.432031,64.346777],[35.64707,64.37832],[35.802051,64.335352],[36.146484,64.189014],[36.301953,64.034375],[36.364941,64.002832],[36.524238,63.976454]]]}},{"type":"Feature","properties":{"name":"Novgorod"},"geometry":{"type":"Polygon","coordinates":[[[34.729901,59.103214],[34.878523,59.043373],[34.831497,58.991025],[35.130807,58.937333],[35.124606,58.815015],[35.265682,58.764785],[35.398491,58.84354],[35.751234,58.826539],[35.836087,58.744709],[36.126302,58.695487],[36.173327,58.524955],[35.941403,58.455295],[35.934892,58.423308],[35.55166,58.448009],[35.39446,58.431472],[35.279222,58.358867],[35.269093,58.271327],[35.034792,58.199549],[34.785608,58.24182],[34.684426,58.197275],[34.650733,58.081468],[34.488469,58.146399],[34.14172,58.208049],[33.869489,58.144203],[33.7188,58.158001],[33.544961,58.047207],[33.686037,58.00261],[33.70123,57.926723],[33.580514,57.857709],[33.536796,57.719733],[33.324922,57.654621],[33.308696,57.565531],[33.216195,57.453909],[33.046076,57.437063],[32.807331,57.460007],[32.668115,57.346216],[32.272067,57.195217],[32.132747,57.183693],[31.966762,57.116798],[31.722126,57.105739],[31.678304,57.013264],[31.545599,56.939781],[31.306958,56.968823],[31.117512,56.931047],[31.000103,56.965205],[30.799702,56.953216],[30.644776,56.981897],[30.646843,57.190825],[30.77314,57.257746],[30.515585,57.318104],[30.492847,57.487602],[30.608809,57.617414],[30.472073,57.682216],[30.519719,57.741799],[30.529951,57.886596],[30.167699,57.911556],[29.950451,57.943957],[29.82033,58.083483],[29.679357,58.077282],[29.658479,58.243577],[29.975049,58.44465],[30.167182,58.53312],[30.088221,58.640452],[30.100623,58.729594],[30.279837,58.754295],[30.412542,58.710913],[30.687357,58.745769],[30.727975,58.82858],[30.961966,58.975212],[30.981396,59.059625],[31.159783,59.072544],[31.257865,58.980767],[31.452478,59.092001],[31.563066,59.368418],[31.826719,59.314494],[31.882116,59.375498],[32.124065,59.394334],[32.291497,59.207187],[32.583986,59.180522],[32.706252,59.141868],[32.732297,59.267494],[32.954816,59.4218],[33.245651,59.326302],[33.368227,59.379735],[33.520259,59.372965],[33.716113,59.302117],[33.855019,59.198351],[34.099759,59.144736],[34.24745,59.197576],[34.567741,59.108072],[34.729901,59.103214]]]}},{"type":"Feature","properties":{"name":"Pskov"},"geometry":{"type":"Polygon","coordinates":[[[27.66939,58.982474],[27.873162,59.014383],[28.131027,58.990146],[28.271794,58.856459],[28.551674,58.865141],[28.756622,58.826952],[28.946482,58.819821],[28.9748,58.779927],[29.231529,58.706236],[29.449087,58.594512],[29.538693,58.479893],[29.78581,58.440309],[29.975049,58.44465],[29.658479,58.243577],[29.679357,58.077282],[29.82033,58.083483],[29.950451,57.943957],[30.167699,57.911556],[30.529951,57.886596],[30.519719,57.741799],[30.472073,57.682216],[30.608809,57.617414],[30.492847,57.487602],[30.515585,57.318104],[30.77314,57.257746],[30.646843,57.190825],[30.644776,56.981897],[30.799702,56.953216],[31.000103,56.965205],[30.896337,56.896682],[30.890136,56.807747],[30.816755,56.720259],[30.91308,56.656361],[31.080098,56.622849],[31.016639,56.519083],[31.215387,56.435367],[31.231097,56.346173],[31.491546,56.301292],[31.474493,56.119055],[31.49754,56.028932],[31.344681,55.964026],[31.412791,55.889767],[31.467361,55.729002],[31.186862,55.737218],[31.047335,55.768534],[30.903138,55.574044],[30.882229,55.5964],[30.855926,55.60751],[30.800735,55.601103],[30.721619,55.622135],[30.662346,55.655492],[30.625604,55.666267],[30.586692,55.70027],[30.47538,55.768793],[30.45626,55.786802],[30.233638,55.845222],[30.042642,55.836437],[29.937015,55.845274],[29.881618,55.832303],[29.823947,55.795096],[29.744159,55.77042],[29.684576,55.769749],[29.630057,55.751171],[29.482263,55.68456],[29.413016,55.724868],[29.353382,55.784373],[29.373174,55.834732],[29.397927,55.88106],[29.396118,55.912195],[29.375034,55.938705],[29.282998,55.96785],[29.087403,56.021129],[29.031748,56.021775],[28.947412,56.002112],[28.79476,55.94258],[28.740809,55.955396],[28.690787,56.002628],[28.636888,56.061746],[28.563973,56.092003],[28.407083,56.089031],[28.392097,56.086706],[28.316339,56.052548],[28.2843,56.055907],[28.147926,56.14293],[28.17335,56.190343],[28.202031,56.260391],[28.191696,56.315555],[28.169268,56.386869],[28.110874,56.510685],[28.103174,56.545722],[28.007521,56.599853],[27.991604,56.645328],[27.941375,56.703723],[27.892076,56.741085],[27.881534,56.82418],[27.848667,56.853429],[27.806086,56.867072],[27.655708,56.843223],[27.639481,56.845652],[27.711105,56.978073],[27.717409,57.054631],[27.762781,57.135117],[27.814561,57.166899],[27.830219,57.194468],[27.838229,57.247695],[27.828617,57.293299],[27.796888,57.316941],[27.672761,57.368127],[27.538712,57.429802],[27.511117,57.50817],[27.469672,57.524034],[27.351954,57.528117],[27.354279,57.550286],[27.371797,57.612556],[27.400013,57.666816],[27.491997,57.724952],[27.514734,57.764226],[27.542123,57.799418],[27.752859,57.841018],[27.776941,57.856727],[27.778491,57.87068],[27.768776,57.884142],[27.721957,57.905484],[27.673381,57.934604],[27.64408,58.013927],[27.571113,58.138105],[27.502435,58.221356],[27.487811,58.270087],[27.505536,58.326259],[27.530134,58.381476],[27.531374,58.435245],[27.427039,58.733056],[27.434171,58.787265],[27.464401,58.841318],[27.513081,58.886277],[27.621756,58.944955],[27.66939,58.982474]]]}},{"type":"Feature","properties":{"name":"Leningrad"},"geometry":{"type":"Polygon","coordinates":[[[29.27736,61.304507],[29.491255,61.239156],[29.576417,61.170737],[29.869526,61.176292],[32.703358,60.645704],[32.909961,60.724407],[33.078012,60.737895],[33.253402,60.898841],[33.422591,60.935971],[33.406364,60.989301],[33.752286,60.943671],[33.867111,61.070536],[33.696269,61.12167],[33.584958,61.071286],[33.45153,61.133685],[33.534935,61.220811],[34.216134,61.241947],[34.457256,61.167791],[34.543866,61.270059],[34.740547,61.32003],[34.822195,61.278327],[35.258034,61.254246],[35.392186,61.161668],[35.603853,61.188307],[35.686019,61.120869],[35.489338,60.959484],[35.439935,60.861557],[35.280875,60.850007],[35.154061,60.787298],[35.258551,60.585295],[35.231059,60.341175],[35.147447,60.268828],[35.157059,60.067032],[35.23788,59.985486],[35.403658,59.974272],[35.382471,59.875415],[35.423606,59.701111],[35.497089,59.647367],[35.495849,59.553523],[35.323663,59.506678],[35.448514,59.427691],[35.301236,59.301032],[35.134734,59.254368],[34.900537,59.237935],[34.729901,59.103214],[34.567741,59.108072],[34.24745,59.197576],[34.099759,59.144736],[33.855019,59.198351],[33.716113,59.302117],[33.520259,59.372965],[33.368227,59.379735],[33.245651,59.326302],[32.954816,59.4218],[32.732297,59.267494],[32.706252,59.141868],[32.583986,59.180522],[32.291497,59.207187],[32.124065,59.394334],[31.882116,59.375498],[31.826719,59.314494],[31.563066,59.368418],[31.452478,59.092001],[31.257865,58.980767],[31.159783,59.072544],[30.981396,59.059625],[30.961966,58.975212],[30.727975,58.82858],[30.687357,58.745769],[30.412542,58.710913],[30.279837,58.754295],[30.100623,58.729594],[30.088221,58.640452],[30.167182,58.53312],[29.975049,58.44465],[29.78581,58.440309],[29.538693,58.479893],[29.449087,58.594512],[29.231529,58.706236],[28.9748,58.779927],[28.946482,58.819821],[28.756622,58.826952],[28.551674,58.865141],[28.271794,58.856459],[28.131027,58.990146],[27.873162,59.014383],[27.66939,58.982474],[27.757665,59.052003],[27.849494,59.192666],[27.897657,59.277622],[27.938171,59.297001],[28.016461,59.301729],[28.046123,59.327852],[28.061368,59.343251],[28.128289,59.357566],[28.151078,59.374438],[28.132991,59.403093],[28.065812,59.453167],[28.0125,59.484277],[28.063965,59.554004],[28.046289,59.647168],[28.013965,59.724756],[28.058008,59.781543],[28.131152,59.786523],[28.2125,59.724658],[28.33457,59.692529],[28.42373,59.734082],[28.453906,59.814258],[28.518164,59.849561],[28.603906,59.818066],[28.747656,59.806689],[28.866895,59.811914],[28.947266,59.82876],[28.981543,59.854785],[29.013379,59.901562],[29.079102,59.960986],[29.147266,59.999756],[29.669727,59.955664],[29.679563,59.868852],[29.849992,59.827563],[30.113439,59.663077],[30.259373,59.60985],[30.502459,59.630727],[30.555582,59.685918],[30.747715,59.725657],[30.75619,59.777489],[30.511657,59.862393],[30.527264,59.970345],[30.373681,60.036232],[30.390424,60.122739],[30.179068,60.147957],[29.632951,60.266012],[29.459169,60.187496],[29.37041,60.175928],[29.069141,60.191455],[28.812695,60.331543],[28.643164,60.375293],[28.522266,60.482959],[28.491602,60.540137],[28.622461,60.491602],[28.640332,60.542871],[28.650586,60.610986],[28.577832,60.652539],[28.512793,60.677295],[28.179297,60.570996],[27.797656,60.536133],[28.152008,60.745827],[28.407445,60.896929],[28.455039,60.919641],[28.568107,60.960207],[28.66283,61.00284],[28.739052,61.058754],[28.99299,61.169031],[29.251631,61.287784],[29.27736,61.304507]]]}},{"type":"Feature","properties":{"name":"City of St. Petersburg"},"geometry":{"type":"Polygon","coordinates":[[[29.669727,59.955664],[30.122559,59.873584],[30.156836,59.904297],[30.172656,59.957129],[30.059961,60.002588],[29.976758,60.026367],[29.872266,60.12085],[29.721191,60.195312],[29.569336,60.201855],[29.459169,60.187496],[29.632951,60.266012],[30.179068,60.147957],[30.390424,60.122739],[30.373681,60.036232],[30.527264,59.970345],[30.511657,59.862393],[30.75619,59.777489],[30.747715,59.725657],[30.555582,59.685918],[30.502459,59.630727],[30.259373,59.60985],[30.113439,59.663077],[29.849992,59.827563],[29.679563,59.868852],[29.669727,59.955664]]]}},{"type":"Feature","properties":{"name":"Bryansk"},"geometry":{"type":"Polygon","coordinates":[[[32.706151,53.419852],[32.9081,53.493479],[32.899005,53.568669],[33.288956,53.821728],[33.287405,53.953916],[33.474577,53.971848],[33.501242,54.015799],[33.682317,54.026393],[33.780192,53.981537],[33.859773,53.878701],[34.031132,53.861726],[34.199184,53.891595],[34.384599,53.71853],[34.489502,53.666466],[34.488159,53.544071],[34.582417,53.427592],[34.672644,53.390075],[35.017429,53.380773],[35.103522,53.310777],[35.122332,53.186263],[35.18207,53.101617],[35.313948,53.06565],[35.156542,52.96948],[34.966993,52.970255],[34.804935,52.868194],[34.869221,52.7836],[34.948079,52.783393],[35.091533,52.697972],[35.010608,52.614153],[34.989627,52.510542],[34.832944,52.424036],[34.896816,52.353239],[34.917177,52.32182],[34.804625,52.185135],[34.715122,52.216296],[34.672334,52.065479],[34.53074,52.070362],[34.40651,52.012691],[34.397828,51.780406],[34.11304,51.979618],[34.015319,52.155964],[33.922043,52.251462],[33.818846,52.315644],[33.735233,52.344764],[33.61338,52.33262],[33.45184,52.333808],[33.287095,52.353549],[33.148447,52.340423],[32.899729,52.256346],[32.806504,52.252625],[32.645429,52.279083],[32.507918,52.308539],[32.435468,52.307247],[32.391336,52.294844],[32.363017,52.272133],[32.282815,52.114029],[32.216773,52.082971],[32.122257,52.050596],[32.04159,52.045041],[31.97379,52.046643],[31.875605,52.070879],[31.782381,52.099404],[31.763364,52.101084],[31.75861,52.125811],[31.690603,52.220637],[31.649882,52.262185],[31.601513,52.284819],[31.577329,52.312311],[31.576502,52.426025],[31.585545,52.532453],[31.615931,52.546199],[31.526169,52.632989],[31.519451,52.698747],[31.563479,52.731459],[31.564823,52.759235],[31.535161,52.798225],[31.442815,52.861838],[31.353001,52.933462],[31.295175,52.989789],[31.258795,53.016713],[31.302927,53.060896],[31.364525,53.138979],[31.3884,53.184816],[31.417855,53.19603],[31.562963,53.202489],[31.668279,53.200913],[31.747448,53.184196],[31.77742,53.146885],[31.849715,53.106216],[32.055439,53.089473],[32.141997,53.091152],[32.250673,53.128385],[32.426269,53.210603],[32.469367,53.270289],[32.578043,53.312405],[32.644447,53.32889],[32.704288,53.336331],[32.710283,53.37142],[32.706459,53.419427],[32.706151,53.419852]]]}},{"type":"Feature","properties":{"name":"Smolensk"},"geometry":{"type":"Polygon","coordinates":[[[32.706151,53.419852],[32.685685,53.448159],[32.469626,53.546964],[32.442392,53.579262],[32.425236,53.61727],[32.45097,53.65334],[32.450144,53.692899],[32.200443,53.78124],[31.992135,53.796872],[31.820828,53.791937],[31.754217,53.810463],[31.783053,53.854956],[31.825272,53.935029],[31.837778,54.000787],[31.825944,54.030708],[31.792044,54.0559],[31.628385,54.111194],[31.403593,54.195943],[31.299103,54.291699],[31.245566,54.391642],[31.184795,54.452956],[31.074827,54.491816],[31.081907,54.517086],[31.154926,54.610956],[31.152135,54.625348],[31.121284,54.648499],[30.984187,54.695887],[30.798875,54.783271],[30.791072,54.806009],[30.804456,54.860941],[30.829932,54.914995],[30.866829,54.940729],[30.977675,55.05049],[30.977675,55.087801],[30.958865,55.137617],[30.877475,55.223451],[30.814481,55.278719],[30.810554,55.30696],[30.820992,55.330266],[30.861817,55.360394],[30.900574,55.397394],[30.908739,55.525345],[30.906879,55.570045],[30.903138,55.574044],[31.047335,55.768534],[31.186862,55.737218],[31.467361,55.729002],[31.585597,55.746623],[31.754889,55.714352],[31.893588,55.770498],[32.09368,55.67407],[32.721755,55.689676],[32.939313,55.631798],[33.187876,55.652521],[33.225497,55.698358],[33.372155,55.702647],[33.505273,55.755202],[33.670018,55.865298],[33.659992,55.946249],[33.838069,55.949453],[33.916617,56.073115],[34.200734,56.07451],[34.630889,55.917879],[35.031485,55.984438],[35.174112,55.948265],[35.353532,55.779386],[35.316119,55.726935],[35.397147,55.617071],[35.303096,55.571208],[35.301236,55.299106],[35.369655,55.238799],[35.284493,55.11214],[35.144036,55.021655],[35.001926,54.886702],[34.86581,54.883834],[34.921001,54.771593],[34.817338,54.709374],[34.499631,54.631989],[34.415812,54.450837],[34.326102,54.429598],[34.10751,54.550314],[33.926849,54.572277],[33.728722,54.561683],[33.642732,54.48546],[33.616687,54.381022],[33.68366,54.321336],[33.562014,54.15623],[33.501242,54.015799],[33.474577,53.971848],[33.287405,53.953916],[33.288956,53.821728],[32.899005,53.568669],[32.9081,53.493479],[32.706151,53.419852]]]}},{"type":"Feature","properties":{"name":"Karelia"},"geometry":{"type":"Polygon","coordinates":[[[35.858398,65.07793],[35.827344,65.036475],[35.842285,65.001465],[35.778711,64.97666],[35.680078,65.057617],[35.621387,65.058789],[35.558594,65.093604],[35.528906,65.151074],[35.585742,65.16709],[35.608691,65.157129],[35.729102,65.197559],[35.816113,65.18208],[35.848438,65.142676],[35.858398,65.07793]]]}},{"type":"Feature","properties":{"name":"Arkhangel'sk"},"geometry":{"type":"MultiPolygon","coordinates":[[[[36.524238,63.976454],[36.71377,63.945068],[36.975195,63.909521],[37.372754,63.816748],[37.442188,63.813379],[37.635352,63.893408],[37.967969,63.949121],[38.070801,64.02583],[38.062207,64.091016],[37.977148,64.207031],[37.953711,64.320117],[37.843555,64.366309],[37.740625,64.396973],[37.42959,64.373584],[37.289551,64.37793],[37.183691,64.408496],[37.04043,64.48916],[36.769336,64.685254],[36.624219,64.750537],[36.578711,64.790967],[36.528223,64.847363],[36.53457,64.938623],[36.65293,64.935449],[36.785938,64.987158],[36.882812,65.172363],[37.050195,65.195898],[37.14082,65.194287],[37.528125,65.108252],[38.009375,64.87876],[38.115723,64.85459],[38.228223,64.851221],[38.412109,64.85708],[38.441992,64.827148],[38.540918,64.79126],[38.613086,64.78667],[39.053516,64.713916],[39.567383,64.570557],[39.758008,64.577051],[39.833008,64.656396],[39.848633,64.690527],[40.057813,64.770752],[40.203711,64.784033],[40.407813,64.754883],[40.444922,64.778711],[40.375391,64.896289],[40.28125,64.998096],[40.142676,65.063281],[39.896484,65.254785],[39.798047,65.349854],[39.749121,65.447949],[39.781152,65.534717],[39.816504,65.597949],[40.327832,65.751709],[40.512793,65.843799],[40.691602,65.963428],[40.774414,65.987891],[41.076074,66.021094],[41.475781,66.123437],[41.780859,66.259326],[42.083594,66.465918],[42.210547,66.519678],[42.313672,66.514746],[42.450781,66.482422],[42.602148,66.42251],[42.806543,66.411328],[43.005957,66.420947],[43.233203,66.415527],[43.550879,66.321289],[43.60332,66.291211],[43.653125,66.250977],[43.550391,66.173389],[43.541895,66.123389],[43.623926,66.146729],[43.737012,66.158398],[43.84375,66.142383],[43.944141,66.098682],[44.016699,66.049756],[44.104395,66.008594],[44.132422,66.064551],[44.145313,66.112744],[44.097168,66.235059],[44.220703,66.40708],[44.220833,66.407181],[44.476386,66.370109],[44.578499,66.307322],[45.741322,66.067906],[45.831652,66.088214],[46.347487,66.028011],[47.110437,65.821176],[47.407267,65.83593],[47.660791,65.808076],[47.763731,65.860838],[47.753189,65.940704],[48.156265,66.130279],[49.006032,66.119117],[48.989393,65.268523],[49.021329,65.238292],[49.567445,65.292087],[49.66315,65.25457],[50.063022,64.8902],[50.15976,64.847308],[50.467442,64.791601],[50.348379,64.537663],[50.273345,64.51291],[49.626666,64.591717],[49.45014,64.462991],[48.950015,64.490612],[48.840151,64.357312],[48.51831,64.355504],[48.408343,64.22422],[48.196159,64.238922],[48.115751,64.348114],[46.61145,64.326565],[46.322889,64.264708],[45.824521,64.283622],[45.442219,64.187504],[45.593011,64.063945],[45.883639,63.964313],[46.109878,63.945813],[46.43575,63.887729],[46.819189,63.746962],[46.969567,63.640147],[47.026205,63.530567],[46.936598,63.351921],[47.090904,63.246476],[47.366029,63.167204],[47.554648,63.148497],[47.515787,63.036773],[47.399515,62.954814],[47.082636,62.839627],[47.237665,62.63566],[47.234874,62.351492],[47.386286,62.320434],[47.413365,62.192793],[47.621001,62.185455],[47.649836,62.296663],[47.751122,62.321829],[48.290831,62.321623],[48.236777,62.472983],[48.366071,62.729298],[48.628588,62.705837],[48.714474,62.815546],[48.875084,62.829137],[49.608993,62.770226],[49.369421,62.149385],[49.212738,62.091146],[49.051611,61.690963],[49.096776,61.658097],[49.417273,61.618255],[49.461405,61.586112],[49.302242,61.176163],[49.097913,61.174974],[48.888727,61.14123],[48.509318,61.047747],[48.44648,60.984107],[48.418988,60.853805],[47.984183,60.89649],[47.965476,60.999352],[47.568497,61.059116],[47.244796,61.05617],[47.10372,60.956073],[47.042948,60.853805],[46.75325,60.907084],[46.736507,60.986097],[46.527114,61.051313],[46.285061,60.967752],[45.878161,61.016276],[45.766644,61.054594],[45.791758,61.154459],[45.722719,61.179418],[45.332355,61.18934],[45.229105,60.90388],[44.455302,60.946978],[44.205809,60.971808],[44.158473,61.082422],[43.775964,61.020772],[43.715399,60.884501],[43.536082,60.853108],[43.510864,60.767454],[43.149852,60.806005],[43.048773,60.74022],[42.823051,60.855304],[42.650451,60.863107],[42.394756,60.769418],[42.023926,60.835822],[41.800891,60.89897],[41.518531,60.899177],[41.394094,60.857991],[41.412077,60.791199],[41.339937,60.675987],[41.059334,60.649683],[40.819142,60.710972],[40.756717,60.773733],[40.534405,60.724562],[39.923486,60.651854],[39.764012,60.736913],[39.648154,60.746008],[39.338199,60.683996],[39.068241,60.714072],[38.947732,60.802671],[38.789498,60.71278],[38.632712,60.723219],[38.574214,60.79908],[38.43014,60.804661],[38.418462,60.873959],[38.212996,60.923982],[38.166281,61.133116],[37.963192,61.160195],[37.857359,61.28458],[37.77292,61.522137],[37.761964,61.648227],[37.857255,61.697681],[37.926605,61.968259],[37.807749,61.99756],[37.718763,62.203413],[37.429891,62.237183],[37.572622,62.360638],[37.587505,62.472673],[37.504926,62.645324],[37.352273,62.683823],[37.080765,62.656072],[36.759545,62.717671],[36.500542,62.826036],[36.258903,63.03176],[36.320192,63.161313],[36.262004,63.23552],[36.219836,63.416491],[36.057985,63.46008],[35.882286,63.573355],[35.944607,63.619683],[36.374969,63.644953],[36.554699,63.763964],[36.524238,63.976454]]],[[[59.356445,81.758984],[58.29541,81.715186],[57.964844,81.695654],[57.920605,81.710498],[57.909277,81.721924],[57.945117,81.747852],[57.984961,81.797021],[58.13457,81.827979],[59.261816,81.854199],[59.408496,81.825439],[59.356836,81.780957],[59.356445,81.758984]]],[[[53.141406,71.241895],[53.192578,71.215283],[53.205176,71.159717],[53.071484,71.065039],[53.048145,71.030957],[53.105762,70.999268],[53.120996,70.982031],[53.022656,70.968701],[53.004492,71.011621],[52.949609,71.053613],[52.835352,71.08584],[52.788965,71.114941],[52.738379,71.180664],[52.546582,71.250439],[52.425488,71.239258],[52.289453,71.270361],[52.249609,71.284912],[52.239844,71.325049],[52.296582,71.356836],[52.512598,71.385059],[52.617383,71.38335],[52.729688,71.355127],[52.720313,71.389795],[52.732227,71.403711],[52.776758,71.399805],[52.90332,71.36499],[52.994141,71.29126],[53.074023,71.237939],[53.141406,71.241895]]],[[[58.049512,81.118457],[58.102344,81.114258],[58.189941,81.09458],[58.507617,81.061768],[58.622363,81.04165],[58.761523,80.990967],[58.815332,80.933594],[58.902539,80.897656],[58.930566,80.831689],[58.859961,80.779395],[58.641895,80.767969],[58.285645,80.764893],[57.937891,80.793359],[57.749805,80.889062],[57.405176,80.915137],[57.210938,81.01709],[57.410254,81.046777],[57.65625,81.031543],[58.049512,81.118457]]],[[[62.884961,81.608887],[62.573047,81.633057],[62.53125,81.647021],[62.515234,81.659131],[62.106445,81.679346],[62.283984,81.706543],[62.794922,81.718945],[63.70957,81.687305],[63.767383,81.66416],[63.782422,81.649805],[63.650977,81.609326],[63.528516,81.596582],[62.884961,81.608887]]],[[[54.633984,81.113184],[54.718945,81.115967],[55.470703,81.019873],[56.170117,81.02915],[56.472266,80.998242],[56.909668,80.912891],[57.567773,80.819727],[57.694141,80.792285],[57.580371,80.755469],[56.814746,80.663623],[56.315527,80.632861],[55.883398,80.628418],[55.7125,80.637305],[55.540625,80.70332],[55.117188,80.751904],[54.668164,80.738672],[54.62334,80.765234],[54.532813,80.783008],[54.376074,80.786963],[54.066602,80.813623],[54.04541,80.871973],[54.240527,80.901855],[54.367285,80.903809],[54.416797,80.986523],[54.633984,81.113184]]],[[[50.753711,81.047412],[50.616016,81.04126],[50.518164,81.045557],[50.411914,81.084375],[50.377441,81.102734],[50.368457,81.12251],[50.464941,81.126221],[50.505957,81.144238],[50.521582,81.158203],[50.591797,81.169434],[50.715918,81.170654],[50.878613,81.150879],[50.946191,81.108154],[50.78877,81.071826],[50.753711,81.047412]]],[[[51.242773,79.99126],[51.326953,79.972314],[51.409277,79.944238],[51.435156,79.931934],[51.43125,79.920508],[51.07627,79.931982],[50.454102,79.924414],[50.091406,79.980566],[50.472656,80.035449],[50.675781,80.048535],[50.936328,80.094238],[51.254395,80.048633],[51.237891,80.010352],[51.242773,79.99126]]],[[[57.456445,81.542871],[57.716602,81.564648],[57.810254,81.546045],[57.862695,81.506445],[58.016602,81.483789],[58.436035,81.46416],[58.563867,81.418408],[58.371875,81.386963],[57.858691,81.368066],[57.911914,81.303271],[58.015332,81.254834],[57.912891,81.19751],[57.769727,81.169727],[57.450977,81.135547],[57.159473,81.178467],[56.821875,81.237939],[56.669238,81.198291],[56.5125,81.175244],[56.363965,81.178613],[56.191992,81.223975],[55.716699,81.188477],[55.572656,81.228076],[55.466016,81.311182],[55.781934,81.329443],[56.156836,81.303076],[56.404688,81.387012],[56.71875,81.423389],[56.973047,81.510547],[57.091504,81.541211],[57.365039,81.535254],[57.456445,81.542871]]],[[[42.631445,66.782227],[42.690723,66.735303],[42.713672,66.701709],[42.675586,66.688086],[42.477344,66.735059],[42.460059,66.770361],[42.468555,66.785547],[42.547461,66.795508],[42.631445,66.782227]]],[[[50.319141,80.172363],[50.072266,80.109473],[50.051758,80.074316],[49.970898,80.060742],[49.588281,80.136133],[49.556055,80.158936],[49.883691,80.230225],[50.250977,80.219482],[50.309961,80.185645],[50.319141,80.172363]]],[[[53.901563,80.54248],[53.858887,80.563037],[53.877246,80.605273],[54.176758,80.574365],[54.205371,80.561768],[54.407129,80.540137],[54.437305,80.498682],[54.415332,80.472803],[54.275879,80.421338],[53.811914,80.476221],[53.85,80.503857],[53.900195,80.51543],[53.901563,80.54248]]],[[[60.586621,81.087695],[61.457422,81.103955],[61.567383,81.050293],[61.471973,81.011035],[61.14082,80.950342],[60.826758,80.929688],[60.321094,80.955518],[60.058203,80.984619],[60.07832,80.99917],[60.147559,81.01665],[60.586621,81.087695]]],[[[58.610156,81.337256],[58.634473,81.360352],[58.880566,81.391846],[59.075,81.397705],[59.280859,81.366113],[59.374609,81.325049],[59.313086,81.305225],[59.096973,81.292285],[58.719043,81.313525],[58.610156,81.337256]]],[[[55.240039,80.325391],[55.353223,80.317676],[55.434766,80.302246],[55.479688,80.273828],[55.195117,80.226807],[55.048438,80.228369],[54.979688,80.256445],[55.091602,80.295557],[55.240039,80.325391]]],[[[58.617871,74.227393],[58.441406,74.128857],[57.767383,74.013818],[57.778418,73.973926],[57.853418,73.897852],[57.872266,73.850439],[57.844922,73.805078],[57.755957,73.769189],[57.657422,73.768164],[57.603711,73.775488],[57.448535,73.825635],[57.313086,73.838037],[57.290918,73.814551],[57.464258,73.746045],[57.542578,73.658203],[57.459766,73.610303],[57.134375,73.504395],[56.963867,73.366553],[56.63418,73.304297],[56.430371,73.297217],[56.22832,73.314111],[56.03457,73.345898],[55.549219,73.356836],[55.280176,73.392041],[55.006836,73.453857],[54.768652,73.449414],[54.56582,73.418506],[54.299902,73.350977],[54.131543,73.481006],[54.20459,73.542041],[53.838672,73.697119],[53.762891,73.766162],[53.851367,73.800537],[53.963477,73.822314],[54.174023,73.885742],[54.386328,73.935645],[54.605664,73.951318],[54.642676,73.95957],[54.733398,74.033984],[54.83125,74.095752],[54.920313,74.129102],[55.022852,74.186621],[55.340918,74.419629],[55.416406,74.436133],[56.07832,74.481299],[56.137109,74.496094],[55.947461,74.542187],[55.751758,74.541211],[55.661523,74.556104],[55.610352,74.590527],[55.582227,74.627686],[55.659668,74.656299],[55.913672,74.796094],[56.217871,74.89751],[56.49873,74.95708],[56.428516,74.972949],[56.340039,75.013477],[55.998047,75.003369],[55.863184,75.05874],[55.821191,75.090625],[55.810059,75.124902],[55.920703,75.168359],[56.035547,75.194238],[56.162207,75.186572],[56.288672,75.164307],[56.389063,75.138184],[56.485254,75.096094],[56.570312,75.097754],[56.87627,75.244385],[56.829297,75.277734],[56.809473,75.328418],[56.844434,75.351416],[56.989453,75.375098],[57.0875,75.383838],[57.301758,75.373242],[57.606836,75.34126],[57.631543,75.356445],[57.708203,75.454492],[57.783398,75.506689],[58.093652,75.592529],[58.072559,75.618994],[58.058301,75.663086],[58.418359,75.719775],[58.652734,75.776807],[58.88125,75.854785],[58.994727,75.871729],[59.110449,75.87373],[59.346582,75.907031],[59.781934,75.94585],[60.036133,75.983838],[60.118164,76.066553],[60.279297,76.09624],[60.606152,76.108643],[60.730566,76.104053],[60.801172,76.068799],[60.942188,76.071289],[60.997754,76.089258],[61.053906,76.119873],[61.036914,76.169043],[61.034375,76.232959],[61.156934,76.273535],[61.20166,76.282031],[61.569434,76.298486],[61.787109,76.291016],[62.237305,76.241602],[62.471094,76.230469],[62.782031,76.245215],[62.971484,76.23667],[63.526172,76.309521],[64.463477,76.378174],[64.707617,76.426025],[64.95,76.484326],[65.072852,76.496729],[65.197168,76.499658],[65.309766,76.51792],[65.528418,76.567822],[65.636914,76.578662],[65.755176,76.579297],[65.862891,76.61333],[65.958887,76.687939],[66.062988,76.746094],[66.345215,76.821045],[66.828809,76.923828],[67.263672,76.96377],[67.534961,77.007764],[67.651855,77.011572],[68.017285,76.990625],[68.485742,76.933691],[68.699121,76.870654],[68.87334,76.7896],[68.911719,76.760547],[68.941699,76.707666],[68.890527,76.659717],[68.858008,76.610498],[68.899805,76.572949],[68.558594,76.449414],[68.222363,76.313477],[68.16543,76.284863],[67.765332,76.237598],[67.365234,76.161279],[67.126953,76.108154],[66.893164,76.072266],[66.657422,76.047021],[66.282422,75.983691],[65.619141,75.904639],[65.201563,75.839453],[64.744531,75.788232],[64.262598,75.719678],[63.779297,75.672607],[63.659473,75.66875],[63.316699,75.603076],[63.045996,75.575732],[62.066113,75.427734],[61.616211,75.319629],[61.486523,75.31084],[61.355957,75.314844],[61.248828,75.281006],[61.147266,75.222559],[60.935645,75.163672],[60.829199,75.11084],[60.719238,75.068604],[60.655371,75.055029],[60.533789,75.059277],[60.475586,75.054736],[60.276855,75.007568],[60.241113,74.970752],[60.454883,74.946143],[60.501367,74.904639],[60.43916,74.875342],[60.300781,74.837012],[60.222461,74.796582],[60.080078,74.755859],[59.982324,74.744629],[59.747266,74.745898],[59.734668,74.695459],[59.771484,74.664453],[59.752734,74.637012],[59.674023,74.610156],[59.595996,74.613721],[59.240137,74.692969],[59.182031,74.665771],[59.157031,74.61084],[59.146094,74.551904],[59.100977,74.50752],[59.04043,74.485547],[58.928223,74.462695],[58.534668,74.498926],[58.502148,74.464209],[58.562012,74.421826],[58.645703,74.328027],[58.665039,74.289258],[58.617871,74.227393]]],[[[51.58252,72.071191],[51.653125,72.099365],[51.805469,72.142139],[51.885449,72.153223],[52.068652,72.131152],[52.252051,72.129736],[52.332324,72.153955],[52.406738,72.196729],[52.461914,72.252344],[52.586133,72.284033],[52.62207,72.300977],[52.661914,72.336865],[52.705762,72.390967],[52.713867,72.436963],[52.74873,72.482959],[52.863672,72.549854],[52.823242,72.59126],[52.839063,72.619287],[52.916602,72.668896],[52.683105,72.682324],[52.60498,72.704053],[52.528516,72.737354],[52.550586,72.768555],[52.579297,72.791357],[52.812207,72.875244],[52.913184,72.899951],[53.024219,72.913574],[53.134961,72.913232],[53.253516,72.90376],[53.369824,72.916748],[53.247266,72.973145],[53.237109,73.011182],[53.188965,73.104004],[53.197949,73.147559],[53.251172,73.182959],[53.357617,73.224561],[53.512207,73.238379],[53.633691,73.260254],[53.753223,73.293262],[53.865625,73.298975],[54.091016,73.276465],[54.202344,73.281348],[54.327637,73.299463],[54.676074,73.37002],[54.803906,73.387646],[54.940625,73.383252],[55.121387,73.356836],[55.319824,73.308301],[55.787305,73.268604],[56.137695,73.256152],[56.350488,73.225537],[56.42959,73.201172],[56.397461,73.13916],[56.334668,73.113672],[56.188965,73.033008],[56.166992,72.983203],[56.192871,72.90498],[56.170508,72.848096],[56.12168,72.806592],[56.083789,72.789404],[55.819727,72.789502],[55.723438,72.766406],[55.718457,72.721533],[55.700977,72.671729],[55.616406,72.599072],[55.441309,72.575391],[55.40332,72.549072],[55.416895,72.501318],[55.355957,72.465088],[55.35957,72.408691],[55.39043,72.377832],[55.399121,72.313623],[55.518066,72.220654],[55.494922,72.182324],[55.40332,72.106885],[55.375,72.014893],[55.297852,71.935352],[55.471094,71.869238],[55.54668,71.78335],[55.613672,71.689893],[55.819336,71.507568],[56.043164,71.345605],[56.454395,71.107373],[56.894824,70.927002],[57.065625,70.876025],[57.483594,70.792285],[57.556445,70.76582],[57.625391,70.728809],[57.447168,70.661035],[57.263672,70.636035],[57.246973,70.605127],[57.145898,70.589111],[56.648828,70.646533],[56.62168,70.655371],[56.568652,70.697461],[56.510059,70.728809],[56.385742,70.734131],[56.260059,70.714746],[56.334766,70.676709],[56.417188,70.664941],[56.561328,70.593555],[56.499707,70.566406],[56.43457,70.562988],[56.14248,70.657861],[56.114746,70.646143],[56.087109,70.618359],[55.941602,70.649268],[55.907227,70.626318],[55.796875,70.615576],[55.706738,70.641895],[55.706445,70.675244],[55.687305,70.692188],[55.236914,70.666016],[55.05166,70.666748],[54.86709,70.678125],[54.645117,70.741846],[54.608203,70.713232],[54.601172,70.680078],[54.517383,70.693311],[54.332617,70.744678],[54.199414,70.764893],[53.722363,70.814453],[53.383594,70.873535],[53.467773,70.900586],[53.613574,70.914648],[53.615625,70.95083],[53.592578,71.000684],[53.587793,71.052295],[53.670508,71.086914],[53.857031,71.07041],[53.834277,71.126709],[53.922266,71.137598],[54.093945,71.105225],[54.155664,71.125488],[53.886133,71.196289],[53.59082,71.29668],[53.622168,71.332764],[53.515234,71.342529],[53.409961,71.340137],[53.319043,71.39917],[53.33252,71.477246],[53.411621,71.530127],[53.363867,71.54165],[52.908984,71.49502],[52.678711,71.505664],[52.418848,71.536865],[52.17998,71.490234],[51.937891,71.474707],[51.812598,71.491309],[51.691602,71.525146],[51.59043,71.571143],[51.511328,71.648096],[51.438672,71.776807],[51.428613,71.825537],[51.443555,71.934375],[51.482227,71.979785],[51.58252,72.071191]]],[[[58.946094,80.042334],[59.001465,80.053906],[59.544531,80.118848],[59.80166,80.082666],[59.911035,79.994287],[59.688867,79.955811],[59.330664,79.923047],[59.202637,79.932959],[59.169238,79.948291],[59.100391,79.96416],[58.919238,79.984619],[58.946094,80.042334]]],[[[52.343555,80.213232],[52.213379,80.263721],[52.270215,80.276318],[52.57666,80.296924],[52.680566,80.318506],[52.716016,80.347559],[52.853906,80.402393],[53.185645,80.412646],[53.329199,80.402393],[53.345898,80.366309],[53.486133,80.323389],[53.85166,80.268359],[53.77793,80.22832],[53.65293,80.222559],[53.521387,80.185205],[52.856348,80.173242],[52.635938,80.178857],[52.607031,80.191162],[52.550488,80.201855],[52.343555,80.213232]]],[[[55.942285,80.163281],[56.012207,80.203906],[55.989844,80.320068],[56.024414,80.341309],[56.655078,80.330322],[56.707227,80.363281],[56.944531,80.366162],[57.078711,80.350928],[57.122656,80.316992],[57.118945,80.193945],[57.072754,80.139404],[57.080176,80.094678],[56.986914,80.071484],[56.200586,80.076465],[55.811621,80.087158],[55.724023,80.104736],[55.942285,80.163281]]],[[[63.11582,80.966797],[63.614746,80.980908],[63.855957,80.981152],[64.095703,80.99834],[64.165918,81.035742],[64.210449,81.106348],[64.255859,81.144434],[64.310156,81.175195],[64.575391,81.198486],[64.802051,81.197266],[65.027734,81.169482],[65.171973,81.144043],[65.309766,81.096436],[65.382031,81.056738],[65.360059,81.008203],[65.37207,80.968018],[65.437402,80.930713],[64.997461,80.818896],[64.54834,80.75542],[63.373828,80.700098],[63.187598,80.697607],[63.002148,80.712842],[62.760449,80.762695],[62.520313,80.821875],[62.592578,80.853027],[62.819336,80.893799],[63.11582,80.966797]]],[[[57.392285,80.13916],[57.332324,80.158105],[57.281445,80.193896],[57.214063,80.328271],[57.211719,80.368457],[57.18623,80.39624],[57.083398,80.445215],[57.011133,80.468311],[57.075,80.493945],[57.521973,80.475391],[58.480469,80.464746],[58.97168,80.415869],[59.115918,80.388428],[59.255469,80.343213],[58.397949,80.31875],[58.283887,80.297803],[58.285742,80.248145],[58.255469,80.201807],[58.163184,80.196533],[57.95625,80.123242],[57.800098,80.104053],[57.392285,80.13916]]],[[[47.011035,80.562109],[46.677539,80.561328],[46.623926,80.540674],[46.513672,80.475537],[46.378125,80.456787],[46.141406,80.446729],[46.059863,80.483789],[46.023633,80.540869],[45.969043,80.569482],[45.64082,80.536963],[45.389258,80.560303],[45.149219,80.59873],[44.90498,80.611279],[45.124512,80.652246],[46.327441,80.735156],[46.799121,80.755225],[47.020605,80.814404],[47.352344,80.85293],[47.441992,80.853662],[47.899512,80.812695],[48.243262,80.823486],[48.345215,80.818994],[48.445703,80.806006],[48.547363,80.779053],[48.686523,80.717773],[48.683594,80.633252],[48.625488,80.629297],[48.044336,80.668164],[47.777344,80.75625],[47.705273,80.765186],[47.600098,80.741943],[47.512305,80.687939],[47.41416,80.674512],[47.303906,80.606201],[47.198242,80.614941],[47.144922,80.609033],[47.011035,80.562109]]],[[[51.454785,80.744678],[51.591016,80.740771],[51.703613,80.687646],[51.146191,80.603955],[50.96084,80.540479],[50.279688,80.527344],[49.845996,80.497656],[49.749805,80.47207],[49.794141,80.425342],[49.585938,80.376563],[48.896094,80.369189],[48.811035,80.353711],[48.677051,80.300049],[48.688965,80.290283],[48.921973,80.276807],[48.95957,80.265674],[48.99082,80.242383],[49.010742,80.207422],[48.977539,80.162598],[48.891895,80.155322],[48.797363,80.161133],[48.581738,80.195361],[48.55459,80.183301],[48.532617,80.158252],[48.466797,80.110107],[48.38623,80.095801],[48.167188,80.132764],[48.095898,80.122314],[48.025781,80.099463],[47.939941,80.088623],[47.737305,80.081689],[47.632422,80.111963],[47.723145,80.151367],[47.977539,80.212549],[47.892969,80.239258],[47.642383,80.245312],[47.444336,80.230127],[47.343066,80.188525],[47.248633,80.180225],[46.991016,80.182764],[46.845898,80.237207],[46.738184,80.257666],[46.644434,80.300342],[47.40293,80.444775],[47.656055,80.500537],[47.895801,80.529053],[48.208203,80.543896],[48.306152,80.561572],[48.402637,80.568799],[48.464746,80.558057],[48.625098,80.508301],[49.087793,80.515771],[49.185254,80.558643],[49.192676,80.656006],[49.147461,80.712109],[49.244336,80.821387],[49.507812,80.865332],[50.124316,80.923877],[50.278125,80.927246],[50.431445,80.910889],[50.801074,80.91416],[50.917676,80.89043],[51.454785,80.744678]]],[[[62.10293,80.866602],[62.167773,80.834766],[62.227734,80.794385],[62.191797,80.730225],[62.114551,80.683691],[62.075781,80.616943],[61.769141,80.601025],[61.68125,80.586328],[61.597461,80.534961],[61.285156,80.504736],[61.05127,80.418604],[60.722266,80.434668],[60.27832,80.494434],[59.900195,80.446094],[59.649805,80.43125],[59.346387,80.505029],[59.304395,80.521533],[59.288184,80.572656],[59.30625,80.617773],[59.386523,80.712549],[59.495117,80.766504],[59.549414,80.783594],[59.592285,80.816504],[59.71582,80.836377],[60.094531,80.848584],[60.234961,80.837744],[60.278027,80.801465],[60.481543,80.804248],[60.820215,80.826562],[61.313184,80.862646],[61.597461,80.89292],[61.850586,80.885937],[62.10293,80.866602]]]]}},{"type":"Feature","properties":{"name":"Ivanovo"},"geometry":{"type":"Polygon","coordinates":[[[43.727388,57.465795],[43.688838,57.279191],[43.538562,57.261776],[43.514275,57.117573],[43.669614,57.04272],[43.501252,56.906449],[43.338988,56.860664],[42.977563,56.841802],[42.829975,56.80227],[42.786567,56.669048],[42.902322,56.646233],[42.845375,56.552207],[42.881858,56.471592],[42.647971,56.480584],[42.587923,56.420226],[42.469274,56.421233],[42.288613,56.471282],[42.066404,56.368394],[41.957677,56.390563],[41.933906,56.516809],[41.052823,56.47508],[40.933657,56.501771],[40.714652,56.598458],[40.49079,56.583833],[40.155927,56.434282],[39.942606,56.529883],[39.878527,56.646052],[39.858787,56.779635],[39.679366,56.821777],[39.41716,56.772091],[39.386775,56.835446],[39.527334,56.9558],[39.520203,57.026855],[39.844008,57.128942],[39.841734,57.17682],[40.063942,57.219402],[40.192513,57.212813],[40.327079,57.293351],[40.445211,57.276349],[40.570682,57.316424],[41.072873,57.347508],[41.169715,57.435203],[41.269864,57.426288],[41.434401,57.472048],[41.544059,57.458612],[41.604417,57.524189],[41.56721,57.704204],[41.630048,57.74986],[41.88595,57.685575],[42.02589,57.588992],[42.18619,57.559846],[42.336362,57.578656],[42.403955,57.632607],[42.649728,57.635242],[42.726209,57.70175],[42.850956,57.667126],[42.853333,57.394326],[42.973119,57.387505],[43.26354,57.42435],[43.312323,57.517058],[43.542387,57.566926],[43.727388,57.465795]]]}},{"type":"Feature","properties":{"name":"Vologda"},"geometry":{"type":"Polygon","coordinates":[[[47.113538,59.611297],[46.875,59.632484],[46.756971,59.606905],[46.406398,59.632536],[46.356272,59.346972],[46.182329,59.345163],[46.003632,59.282118],[45.918262,59.184424],[45.366151,59.198454],[45.091129,59.184191],[44.991084,59.121611],[44.391224,59.152514],[44.207049,59.171737],[44.103489,59.22977],[43.960242,59.205482],[43.741754,59.259536],[43.581661,59.188481],[43.498048,59.294314],[43.370924,59.280413],[43.294133,59.218143],[43.150576,59.261448],[43.025726,59.207808],[42.799589,59.170394],[42.671432,59.228426],[42.631538,59.308215],[42.197042,59.303486],[42.187637,59.390768],[42.058136,59.426993],[41.959021,59.277674],[42.089865,59.229718],[42.011937,59.118304],[41.686996,59.079883],[41.521941,59.036914],[41.245369,58.902322],[41.145944,58.785043],[41.217567,58.740084],[40.926009,58.579112],[40.565101,58.590533],[40.292766,58.544153],[40.160784,58.558597],[39.968961,58.759463],[39.619525,58.894545],[39.499533,58.888938],[39.118781,58.953766],[38.94029,58.944309],[38.999925,58.846331],[38.915899,58.744373],[38.55003,58.777239],[38.478199,58.706029],[38.047631,58.735743],[37.940868,58.64133],[37.716592,58.621693],[37.626262,58.490229],[37.187529,58.770857],[37.12221,58.866045],[36.864241,58.842765],[36.815562,58.758223],[36.668594,58.685281],[36.520593,58.558493],[36.323602,58.49984],[36.173327,58.524955],[36.126302,58.695487],[35.836087,58.744709],[35.751234,58.826539],[35.398491,58.84354],[35.265682,58.764785],[35.124606,58.815015],[35.130807,58.937333],[34.831497,58.991025],[34.878523,59.043373],[34.729901,59.103214],[34.900537,59.237935],[35.134734,59.254368],[35.301236,59.301032],[35.448514,59.427691],[35.323663,59.506678],[35.495849,59.553523],[35.497089,59.647367],[35.423606,59.701111],[35.382471,59.875415],[35.403658,59.974272],[35.23788,59.985486],[35.157059,60.067032],[35.147447,60.268828],[35.231059,60.341175],[35.258551,60.585295],[35.154061,60.787298],[35.280875,60.850007],[35.439935,60.861557],[35.489338,60.959484],[35.686019,61.120869],[35.603853,61.188307],[36.466849,61.406588],[36.577644,61.529475],[36.87344,61.544926],[36.996429,61.594432],[37.278273,61.500536],[37.77292,61.522137],[37.857359,61.28458],[37.963192,61.160195],[38.166281,61.133116],[38.212996,60.923982],[38.418462,60.873959],[38.43014,60.804661],[38.574214,60.79908],[38.632712,60.723219],[38.789498,60.71278],[38.947732,60.802671],[39.068241,60.714072],[39.338199,60.683996],[39.648154,60.746008],[39.764012,60.736913],[39.923486,60.651854],[40.534405,60.724562],[40.756717,60.773733],[40.819142,60.710972],[41.059334,60.649683],[41.339937,60.675987],[41.412077,60.791199],[41.394094,60.857991],[41.518531,60.899177],[41.800891,60.89897],[42.023926,60.835822],[42.394756,60.769418],[42.650451,60.863107],[42.823051,60.855304],[43.048773,60.74022],[43.149852,60.806005],[43.510864,60.767454],[43.536082,60.853108],[43.715399,60.884501],[43.775964,61.020772],[44.158473,61.082422],[44.205809,60.971808],[44.455302,60.946978],[45.229105,60.90388],[45.332355,61.18934],[45.722719,61.179418],[45.791758,61.154459],[45.766644,61.054594],[45.878161,61.016276],[46.285061,60.967752],[46.527114,61.051313],[46.736507,60.986097],[46.75325,60.907084],[47.042948,60.853805],[47.083772,60.818588],[46.959129,60.660225],[47.048839,60.575166],[46.862494,60.507315],[46.807097,60.318334],[46.749529,60.261128],[46.440814,60.271412],[46.34914,60.214361],[46.404124,60.106822],[46.608453,60.067316],[47.036437,60.099536],[46.922645,59.843893],[46.934944,59.78909],[47.112608,59.752684],[47.113538,59.611297]]]}},{"type":"Feature","properties":{"name":"Kostroma"},"geometry":{"type":"Polygon","coordinates":[[[47.113538,59.611297],[47.056281,59.378546],[47.252444,59.355499],[47.239215,59.22021],[47.570874,59.059858],[47.60219,58.906689],[47.452432,58.921055],[47.2819,58.892995],[47.312906,58.806928],[47.259576,58.756311],[47.119946,58.775017],[46.947243,58.606552],[46.687311,58.566916],[46.554089,58.487696],[46.540963,58.397263],[46.423658,58.34693],[46.406915,58.20867],[46.341285,58.074647],[45.817183,58.047103],[45.706079,57.973568],[45.556527,57.938531],[45.462063,58.035321],[45.294424,58.040618],[45.155001,58.079789],[44.862616,58.075422],[44.792749,57.955042],[44.86458,57.879827],[44.727741,57.703584],[44.612295,57.706685],[44.483208,57.645732],[44.303167,57.516955],[43.995382,57.439518],[43.845727,57.430862],[43.727388,57.465795],[43.542387,57.566926],[43.312323,57.517058],[43.26354,57.42435],[42.973119,57.387505],[42.853333,57.394326],[42.850956,57.667126],[42.726209,57.70175],[42.649728,57.635242],[42.403955,57.632607],[42.336362,57.578656],[42.18619,57.559846],[42.02589,57.588992],[41.88595,57.685575],[41.630048,57.74986],[41.56721,57.704204],[41.604417,57.524189],[41.544059,57.458612],[41.434401,57.472048],[41.269864,57.426288],[41.169715,57.435203],[41.072873,57.347508],[40.570682,57.316424],[40.445211,57.276349],[40.448002,57.441042],[40.385163,57.497576],[40.499058,57.58031],[40.663389,57.581033],[40.622565,57.654931],[40.626389,57.940391],[40.744004,58.051547],[40.884668,58.125548],[40.888802,58.198153],[41.163927,58.360882],[41.064502,58.410544],[41.034219,58.522061],[40.926009,58.579112],[41.217567,58.740084],[41.145944,58.785043],[41.245369,58.902322],[41.521941,59.036914],[41.686996,59.079883],[42.011937,59.118304],[42.089865,59.229718],[41.959021,59.277674],[42.058136,59.426993],[42.187637,59.390768],[42.197042,59.303486],[42.631538,59.308215],[42.671432,59.228426],[42.799589,59.170394],[43.025726,59.207808],[43.150576,59.261448],[43.294133,59.218143],[43.370924,59.280413],[43.498048,59.294314],[43.581661,59.188481],[43.741754,59.259536],[43.960242,59.205482],[44.103489,59.22977],[44.207049,59.171737],[44.391224,59.152514],[44.991084,59.121611],[45.091129,59.184191],[45.366151,59.198454],[45.918262,59.184424],[46.003632,59.282118],[46.182329,59.345163],[46.356272,59.346972],[46.406398,59.632536],[46.756971,59.606905],[46.875,59.632484],[47.113538,59.611297]]]}},{"type":"Feature","properties":{"name":"Nizhegorod"},"geometry":{"type":"Polygon","coordinates":[[[43.727388,57.465795],[43.845727,57.430862],[43.995382,57.439518],[44.303167,57.516955],[44.483208,57.645732],[44.612295,57.706685],[44.727741,57.703584],[44.86458,57.879827],[44.792749,57.955042],[44.862616,58.075422],[45.155001,58.079789],[45.294424,58.040618],[45.462063,58.035321],[45.556527,57.938531],[45.706079,57.973568],[45.817183,58.047103],[46.341285,58.074647],[46.429859,58.02049],[47.354247,58.025502],[47.451502,57.987365],[47.703063,57.958375],[47.762284,57.876003],[47.572115,57.810425],[47.521162,57.586098],[47.471036,57.52853],[47.248724,57.567339],[47.054213,57.498299],[46.750149,57.517265],[46.695166,57.320455],[46.789837,57.28131],[46.742191,57.204622],[46.762552,57.030214],[46.714906,56.966342],[46.601011,56.919963],[46.336014,56.95208],[46.312657,56.906966],[45.95857,56.872084],[45.858938,56.629128],[45.650992,56.59081],[45.662671,56.460921],[45.788658,56.424825],[45.948958,56.433222],[45.946064,56.324986],[45.87382,56.25884],[46.06771,56.18192],[46.092205,56.056372],[46.213955,56.049809],[46.09882,55.940772],[46.093755,55.807963],[45.920123,55.688048],[46.048487,55.616657],[46.139747,55.523795],[46.243824,55.523691],[46.384074,55.463075],[46.253539,55.385405],[46.228631,55.273267],[46.097889,55.204176],[46.055721,55.042119],[45.954126,54.996566],[45.815323,54.999744],[45.740392,55.077284],[45.710316,55.176762],[45.60469,55.163817],[45.439118,55.03323],[45.424442,54.881767],[45.266209,54.872827],[45.208641,54.757175],[45.124099,54.796242],[45.041106,54.714387],[45.091439,54.658886],[45.029428,54.568142],[45.113557,54.493883],[44.917186,54.476236],[44.739523,54.515691],[44.597413,54.579615],[44.539845,54.530393],[44.376444,54.589795],[44.10721,54.64576],[44.091397,54.73374],[43.939055,54.74193],[43.94908,54.806991],[43.689458,54.830555],[43.610496,54.901145],[43.36896,54.94967],[43.155227,54.902747],[43.097659,54.798774],[42.636395,54.786734],[42.466793,54.871302],[42.439715,55.012973],[42.166657,54.949049],[41.886364,55.059172],[41.783217,55.119117],[41.870241,55.157615],[41.858665,55.240918],[41.932976,55.329853],[42.117047,55.421734],[42.068368,55.481265],[42.055656,55.612937],[42.280965,55.769981],[42.380287,55.776802],[42.48643,55.851914],[42.564978,55.96909],[42.694066,56.002784],[42.686211,56.122104],[42.90594,56.151767],[42.754734,56.220135],[42.760832,56.306072],[42.587923,56.420226],[42.647971,56.480584],[42.881858,56.471592],[42.845375,56.552207],[42.902322,56.646233],[42.786567,56.669048],[42.829975,56.80227],[42.977563,56.841802],[43.338988,56.860664],[43.501252,56.906449],[43.669614,57.04272],[43.514275,57.117573],[43.538562,57.261776],[43.688838,57.279191],[43.727388,57.465795]]]}},{"type":"Feature","properties":{"name":"Tver'"},"geometry":{"type":"Polygon","coordinates":[[[37.626262,58.490229],[37.644039,58.429354],[37.449115,58.407546],[37.34969,58.239004],[37.56208,58.165261],[37.673494,58.082967],[37.548747,58.052788],[37.484358,57.980751],[37.366536,57.977133],[37.390927,57.827995],[37.810023,57.608009],[37.794314,57.442592],[37.984173,57.359238],[38.148297,57.337276],[38.27046,57.371124],[38.306427,57.276349],[38.142923,57.196974],[38.24979,57.128761],[38.19925,56.894202],[38.154188,56.831906],[38.256508,56.77023],[38.014662,56.773589],[37.974354,56.853843],[37.656441,56.943501],[37.553398,56.905622],[37.498931,56.784751],[37.23104,56.772917],[37.15704,56.683155],[37.134922,56.560269],[37.055444,56.517558],[36.832925,56.583239],[36.537026,56.475416],[36.1725,56.408444],[36.096123,56.346794],[35.982538,56.387153],[35.78286,56.391959],[35.645091,56.474124],[35.457919,56.448286],[35.548042,56.37072],[35.483654,56.241632],[35.378647,56.173858],[35.317152,56.054047],[35.209769,56.018803],[35.174112,55.948265],[35.031485,55.984438],[34.630889,55.917879],[34.200734,56.07451],[33.916617,56.073115],[33.838069,55.949453],[33.659992,55.946249],[33.670018,55.865298],[33.505273,55.755202],[33.372155,55.702647],[33.225497,55.698358],[33.187876,55.652521],[32.939313,55.631798],[32.721755,55.689676],[32.09368,55.67407],[31.893588,55.770498],[31.754889,55.714352],[31.585597,55.746623],[31.467361,55.729002],[31.412791,55.889767],[31.344681,55.964026],[31.49754,56.028932],[31.474493,56.119055],[31.491546,56.301292],[31.231097,56.346173],[31.215387,56.435367],[31.016639,56.519083],[31.080098,56.622849],[30.91308,56.656361],[30.816755,56.720259],[30.890136,56.807747],[30.896337,56.896682],[31.000103,56.965205],[31.117512,56.931047],[31.306958,56.968823],[31.545599,56.939781],[31.678304,57.013264],[31.722126,57.105739],[31.966762,57.116798],[32.132747,57.183693],[32.272067,57.195217],[32.668115,57.346216],[32.807331,57.460007],[33.046076,57.437063],[33.216195,57.453909],[33.308696,57.565531],[33.324922,57.654621],[33.536796,57.719733],[33.580514,57.857709],[33.70123,57.926723],[33.686037,58.00261],[33.544961,58.047207],[33.7188,58.158001],[33.869489,58.144203],[34.14172,58.208049],[34.488469,58.146399],[34.650733,58.081468],[34.684426,58.197275],[34.785608,58.24182],[35.034792,58.199549],[35.269093,58.271327],[35.279222,58.358867],[35.39446,58.431472],[35.55166,58.448009],[35.934892,58.423308],[35.941403,58.455295],[36.173327,58.524955],[36.323602,58.49984],[36.520593,58.558493],[36.668594,58.685281],[36.815562,58.758223],[36.864241,58.842765],[37.12221,58.866045],[37.187529,58.770857],[37.626262,58.490229]]]}},{"type":"Feature","properties":{"name":"Yaroslavl'"},"geometry":{"type":"Polygon","coordinates":[[[37.626262,58.490229],[37.716592,58.621693],[37.940868,58.64133],[38.047631,58.735743],[38.478199,58.706029],[38.55003,58.777239],[38.915899,58.744373],[38.999925,58.846331],[38.94029,58.944309],[39.118781,58.953766],[39.499533,58.888938],[39.619525,58.894545],[39.968961,58.759463],[40.160784,58.558597],[40.292766,58.544153],[40.565101,58.590533],[40.926009,58.579112],[41.034219,58.522061],[41.064502,58.410544],[41.163927,58.360882],[40.888802,58.198153],[40.884668,58.125548],[40.744004,58.051547],[40.626389,57.940391],[40.622565,57.654931],[40.663389,57.581033],[40.499058,57.58031],[40.385163,57.497576],[40.448002,57.441042],[40.445211,57.276349],[40.327079,57.293351],[40.192513,57.212813],[40.063942,57.219402],[39.841734,57.17682],[39.844008,57.128942],[39.520203,57.026855],[39.527334,56.9558],[39.386775,56.835446],[39.41716,56.772091],[39.309777,56.684447],[39.337372,56.609361],[39.271639,56.538306],[39.121054,56.593678],[39.000028,56.542751],[38.847376,56.597579],[38.629198,56.580991],[38.374123,56.696591],[38.256508,56.77023],[38.154188,56.831906],[38.19925,56.894202],[38.24979,57.128761],[38.142923,57.196974],[38.306427,57.276349],[38.27046,57.371124],[38.148297,57.337276],[37.984173,57.359238],[37.794314,57.442592],[37.810023,57.608009],[37.390927,57.827995],[37.366536,57.977133],[37.484358,57.980751],[37.548747,58.052788],[37.673494,58.082967],[37.56208,58.165261],[37.34969,58.239004],[37.449115,58.407546],[37.644039,58.429354],[37.626262,58.490229]]]}},{"type":"Feature","properties":{"name":"Kaluga"},"geometry":{"type":"Polygon","coordinates":[[[37.259049,54.835826],[37.207579,54.68767],[37.08862,54.548815],[36.80502,54.609949],[36.848428,54.472153],[36.965424,54.39575],[36.891423,54.283199],[36.714483,54.31715],[36.461475,54.288159],[36.353781,54.223254],[36.237199,54.229093],[36.200716,54.098249],[36.111316,53.961048],[35.988739,53.916348],[35.931482,53.786071],[36.009616,53.618278],[35.910604,53.644039],[35.765807,53.519111],[35.637133,53.543192],[35.422055,53.404337],[35.355703,53.284241],[35.205118,53.272149],[35.103522,53.310777],[35.017429,53.380773],[34.672644,53.390075],[34.582417,53.427592],[34.488159,53.544071],[34.489502,53.666466],[34.384599,53.71853],[34.199184,53.891595],[34.031132,53.861726],[33.859773,53.878701],[33.780192,53.981537],[33.682317,54.026393],[33.501242,54.015799],[33.562014,54.15623],[33.68366,54.321336],[33.616687,54.381022],[33.642732,54.48546],[33.728722,54.561683],[33.926849,54.572277],[34.10751,54.550314],[34.326102,54.429598],[34.415812,54.450837],[34.499631,54.631989],[34.817338,54.709374],[34.921001,54.771593],[34.86581,54.883834],[35.001926,54.886702],[35.144036,55.021655],[35.284493,55.11214],[35.369655,55.238799],[35.46536,55.220351],[35.578635,55.290476],[35.754955,55.286858],[35.856447,55.238489],[36.238026,55.193711],[36.422924,55.318691],[36.586325,55.308666],[36.904342,55.229136],[37.084176,55.095759],[37.120039,54.990824],[37.259049,54.835826]]]}},{"type":"Feature","properties":{"name":"Kursk"},"geometry":{"type":"Polygon","coordinates":[[[35.313343,50.959216],[35.309091,50.986914],[35.334722,51.021124],[35.311933,51.043913],[35.269196,51.046755],[35.197986,51.043913],[35.158092,51.060992],[35.115356,51.120833],[35.092566,51.180649],[35.064093,51.203438],[34.990247,51.201733],[34.868549,51.189201],[34.76039,51.169332],[34.712279,51.172226],[34.616833,51.203128],[34.491053,51.23708],[34.234221,51.243798],[34.21386,51.255373],[34.228381,51.27687],[34.280678,51.311675],[34.274994,51.340174],[34.22988,51.363248],[34.206574,51.419937],[34.209261,51.484093],[34.20089,51.55383],[34.146784,51.607961],[34.115417,51.644962],[34.121153,51.679171],[34.239182,51.692246],[34.379328,51.716508],[34.402686,51.741493],[34.397828,51.780406],[34.40651,52.012691],[34.53074,52.070362],[34.672334,52.065479],[34.715122,52.216296],[34.804625,52.185135],[34.917177,52.32182],[34.896816,52.353239],[35.123676,52.334635],[35.241291,52.389619],[35.39632,52.41401],[35.57171,52.387397],[35.637029,52.33231],[35.892621,52.274484],[36.000935,52.313448],[36.145835,52.318719],[36.356985,52.365796],[36.552322,52.215314],[36.729366,52.176195],[36.820213,52.120281],[37.15828,52.07199],[37.353514,51.936158],[37.480741,52.009487],[37.65179,51.971143],[37.747081,52.016903],[37.820772,51.91218],[37.996989,51.878953],[38.101478,51.926986],[38.192119,51.91218],[38.298779,51.961015],[38.40978,51.92019],[38.40978,51.687801],[38.219507,51.7078],[38.207312,51.629045],[38.276351,51.526364],[38.323377,51.340846],[38.291544,51.292451],[38.027271,51.366167],[38.046495,51.419652],[37.828627,51.420479],[37.666673,51.365651],[37.538619,51.394279],[37.379145,51.385443],[37.249127,51.330976],[37.144224,51.342913],[37.053997,51.246898],[36.93018,51.181011],[36.855766,51.185765],[36.617538,51.079751],[36.313577,51.103341],[35.976337,51.157524],[35.999591,51.057659],[35.876911,51.012365],[35.816967,50.944694],[35.546389,50.90573],[35.512386,50.947123],[35.313343,50.959216]]]}},{"type":"Feature","properties":{"name":"Lipetsk"},"geometry":{"type":"Polygon","coordinates":[[[38.895435,53.565206],[39.041473,53.5496],[39.161775,53.394571],[39.415403,53.413588],[39.523614,53.462318],[39.511521,53.525364],[39.740241,53.588254],[39.906846,53.498544],[39.917905,53.416223],[40.160164,53.342171],[40.106627,53.275663],[40.141457,53.071903],[40.070454,52.925297],[40.079859,52.804167],[39.979193,52.768821],[39.953148,52.654357],[40.067456,52.560513],[40.202952,52.511627],[40.3308,52.402952],[40.47663,52.373754],[40.696875,52.269626],[40.615847,52.12917],[40.63197,52.066486],[40.50681,52.02189],[40.503812,51.953522],[40.294626,51.95639],[40.08761,51.985018],[39.913047,51.979825],[39.834086,51.920164],[39.496639,51.972694],[39.447133,52.082196],[39.182343,52.098164],[38.994447,52.000702],[38.879932,52.092531],[38.762006,52.052379],[38.697618,52.097751],[38.528842,52.02375],[38.298779,51.961015],[38.192119,51.91218],[38.101478,51.926986],[37.996989,51.878953],[37.820772,51.91218],[37.747081,52.016903],[37.77757,52.161493],[37.947999,52.245597],[38.038433,52.344506],[37.910792,52.47287],[37.782841,52.508423],[37.727134,52.596893],[37.81271,52.648415],[37.77664,52.71854],[37.870691,52.771766],[37.79049,52.84525],[37.838755,52.890519],[37.841029,53.008548],[37.912446,53.072626],[38.107679,53.059036],[38.306634,52.974079],[38.472929,53.041233],[38.594575,53.048545],[38.632712,53.123218],[38.595402,53.240316],[38.477269,53.310028],[38.761696,53.382039],[38.697204,53.500094],[38.895435,53.565206]]]}},{"type":"Feature","properties":{"name":"Moskovskaya"},"geometry":{"type":"Polygon","coordinates":[[[36.904342,55.229136],[36.586325,55.308666],[36.422924,55.318691],[36.238026,55.193711],[35.856447,55.238489],[35.754955,55.286858],[35.578635,55.290476],[35.46536,55.220351],[35.369655,55.238799],[35.301236,55.299106],[35.303096,55.571208],[35.397147,55.617071],[35.316119,55.726935],[35.353532,55.779386],[35.174112,55.948265],[35.209769,56.018803],[35.317152,56.054047],[35.378647,56.173858],[35.483654,56.241632],[35.548042,56.37072],[35.457919,56.448286],[35.645091,56.474124],[35.78286,56.391959],[35.982538,56.387153],[36.096123,56.346794],[36.1725,56.408444],[36.537026,56.475416],[36.832925,56.583239],[37.055444,56.517558],[37.134922,56.560269],[37.15704,56.683155],[37.23104,56.772917],[37.498931,56.784751],[37.553398,56.905622],[37.656441,56.943501],[37.974354,56.853843],[38.014662,56.773589],[38.256508,56.77023],[38.374123,56.696591],[38.329578,56.562284],[38.412364,56.368963],[38.402752,56.26424],[38.562329,56.083244],[38.605634,55.958859],[38.72914,55.953484],[38.839418,55.900903],[39.015841,55.925217],[39.123121,55.829771],[39.309777,55.830649],[39.358146,55.761041],[39.55524,55.776079],[39.82313,55.83282],[39.900232,55.734479],[40.085026,55.612601],[40.036864,55.545654],[40.140527,55.517232],[40.137323,55.434188],[40.206466,55.309337],[40.001414,55.200404],[39.826954,55.182575],[39.888243,55.081341],[39.812795,54.99747],[39.684534,55.020725],[39.48837,54.940833],[39.39773,54.876082],[39.32838,54.748441],[39.215726,54.63217],[38.820401,54.601939],[38.797663,54.451199],[38.908768,54.397662],[38.736892,54.345055],[38.675087,54.244674],[38.521194,54.288831],[38.513753,54.364046],[38.39035,54.468614],[38.489982,54.579718],[38.46218,54.640334],[38.218784,54.659558],[38.03926,54.713663],[37.938594,54.832261],[37.749872,54.820323],[37.758347,54.73622],[37.56425,54.736504],[37.460794,54.822261],[37.259049,54.835826],[37.120039,54.990824],[37.216211,55.083781],[37.424753,55.184244],[37.46297,55.379018],[37.565594,55.358493],[37.659115,55.568916],[37.812679,55.649444],[37.84287,55.762534],[37.800507,55.837653],[37.611473,55.903665],[37.431106,55.877723],[37.348242,55.744017],[37.414078,55.659859],[37.210575,55.601618],[37.174878,55.447849],[36.914019,55.425882],[37.014456,55.301191],[36.904342,55.229136]]]}},{"type":"Feature","properties":{"name":"Moskva"},"geometry":{"type":"Polygon","coordinates":[[[37.120039,54.990824],[37.084176,55.095759],[36.904342,55.229136],[37.014456,55.301191],[36.914019,55.425882],[37.174878,55.447849],[37.210575,55.601618],[37.414078,55.659859],[37.348242,55.744017],[37.431106,55.877723],[37.611473,55.903665],[37.800507,55.837653],[37.84287,55.762534],[37.812679,55.649444],[37.659115,55.568916],[37.565594,55.358493],[37.46297,55.379018],[37.424753,55.184244],[37.216211,55.083781],[37.120039,54.990824]]]}},{"type":"Feature","properties":{"name":"Orel"},"geometry":{"type":"Polygon","coordinates":[[[37.841029,53.008548],[37.838755,52.890519],[37.79049,52.84525],[37.870691,52.771766],[37.77664,52.71854],[37.81271,52.648415],[37.727134,52.596893],[37.782841,52.508423],[37.910792,52.47287],[38.038433,52.344506],[37.947999,52.245597],[37.77757,52.161493],[37.747081,52.016903],[37.65179,51.971143],[37.480741,52.009487],[37.353514,51.936158],[37.15828,52.07199],[36.820213,52.120281],[36.729366,52.176195],[36.552322,52.215314],[36.356985,52.365796],[36.145835,52.318719],[36.000935,52.313448],[35.892621,52.274484],[35.637029,52.33231],[35.57171,52.387397],[35.39632,52.41401],[35.241291,52.389619],[35.123676,52.334635],[34.896816,52.353239],[34.832944,52.424036],[34.989627,52.510542],[35.010608,52.614153],[35.091533,52.697972],[34.948079,52.783393],[34.869221,52.7836],[34.804935,52.868194],[34.966993,52.970255],[35.156542,52.96948],[35.313948,53.06565],[35.18207,53.101617],[35.122332,53.186263],[35.103522,53.310777],[35.205118,53.272149],[35.355703,53.284241],[35.422055,53.404337],[35.637133,53.543192],[35.765807,53.519111],[35.910604,53.644039],[36.009616,53.618278],[36.098293,53.555853],[36.220249,53.570296],[36.398016,53.428522],[36.535166,53.391367],[36.666837,53.415861],[36.807294,53.296618],[37.088207,53.280004],[37.196934,53.250703],[37.327159,53.303207],[37.568281,53.289047],[37.561253,53.168822],[37.787389,53.088853],[37.841029,53.008548]]]}},{"type":"Feature","properties":{"name":"Rostov"},"geometry":{"type":"Polygon","coordinates":[[[40.080634,49.576845],[40.169569,49.624051],[40.411001,49.596844],[40.612333,49.647513],[40.884771,49.690301],[41.029258,49.794222],[41.05644,49.91623],[41.1785,50.015707],[41.341487,50.075342],[41.288364,50.17947],[41.362054,50.22634],[41.492382,50.083558],[41.595012,50.045421],[41.616716,49.96217],[41.876132,49.900417],[42.115083,49.750349],[42.178439,49.66839],[42.071985,49.501785],[42.053485,49.402256],[42.092346,49.288671],[42.036639,49.267407],[42.09524,49.140567],[42.343803,49.152142],[42.410569,49.047291],[42.64425,48.976933],[42.739748,48.786325],[42.651071,48.704624],[42.701094,48.624423],[42.633708,48.551559],[42.441575,48.504843],[42.276521,48.49797],[42.16521,48.463967],[42.074052,48.391879],[42.146503,48.287182],[42.051005,48.229976],[42.096377,48.154064],[42.029817,48.028542],[42.282515,48.015726],[42.342873,48.044768],[42.491908,48.013607],[42.728483,47.854082],[42.785017,47.731144],[42.955342,47.51033],[43.054251,47.572755],[43.262507,47.450179],[43.482028,47.483743],[43.731522,47.476611],[43.799218,47.370649],[43.802319,47.282541],[43.939158,47.268898],[43.953317,47.364861],[44.109587,47.413695],[44.116822,47.533481],[44.228443,47.574642],[44.333966,47.475242],[44.327558,47.110768],[44.262446,46.900135],[43.930373,46.72273],[43.817098,46.588733],[43.927686,46.521037],[43.918384,46.415979],[43.785886,46.407452],[43.646049,46.215732],[43.55944,46.168862],[43.355628,46.17235],[43.080192,46.359755],[42.911831,46.435047],[42.787187,46.389417],[42.596811,46.410863],[42.409329,46.524938],[42.180919,46.577881],[42.034262,46.543258],[42.099581,46.407142],[42.2019,46.314486],[41.994987,46.301308],[41.914992,46.184649],[41.840061,46.152945],[41.72596,46.213562],[41.655783,46.105274],[41.712627,45.996004],[41.65847,45.976057],[41.420139,45.994764],[41.375387,45.946808],[41.162377,45.953552],[41.125893,46.067886],[40.999596,46.126642],[40.953501,46.197956],[40.756613,46.232527],[40.734599,46.276245],[40.339481,46.279889],[40.233648,46.358463],[40.284084,46.403473],[40.214424,46.524938],[40.058672,46.542379],[40.044719,46.616431],[40.131535,46.722265],[40.023428,46.764846],[39.816516,46.784586],[39.577461,46.777507],[39.443515,46.8089],[39.180379,46.688365],[39.09904,46.601342],[38.88448,46.634777],[38.849236,46.71255],[38.883033,46.807996],[38.690486,46.821483],[38.66561,46.879821],[38.801074,46.906152],[39.126758,47.023438],[39.270703,47.044141],[39.289062,47.070898],[39.293457,47.105762],[39.244531,47.199512],[39.195703,47.268848],[39.02373,47.272217],[38.92832,47.175684],[38.668164,47.143945],[38.552441,47.150342],[38.644336,47.212207],[38.736035,47.23584],[38.761914,47.261621],[38.577246,47.239111],[38.484766,47.175537],[38.214355,47.091455],[38.205813,47.135573],[38.201369,47.17526],[38.221213,47.212726],[38.265344,47.236962],[38.280744,47.259054],[38.280744,47.276649],[38.241056,47.287708],[38.207983,47.296519],[38.201369,47.320781],[38.212428,47.342795],[38.243278,47.373698],[38.256508,47.408941],[38.25873,47.479531],[38.28741,47.559165],[38.368852,47.609962],[38.510962,47.622416],[38.640567,47.665928],[38.718908,47.71409],[38.822313,47.837029],[38.900293,47.855115],[39.057802,47.848501],[39.158468,47.837416],[39.39096,47.833721],[39.658489,47.841215],[39.735952,47.844806],[39.778689,47.887542],[39.775795,47.964463],[39.813932,48.035285],[39.885039,48.168378],[39.961003,48.237934],[39.957902,48.268914],[39.918112,48.281911],[39.866332,48.288422],[39.847418,48.302788],[39.849899,48.331934],[39.889793,48.360459],[39.882558,48.419112],[39.857547,48.48425],[39.835636,48.542774],[39.765408,48.571868],[39.644743,48.591195],[39.670426,48.662431],[39.704585,48.739351],[39.755848,48.782061],[39.7929,48.807719],[39.904159,48.793766],[39.984464,48.807357],[40.003584,48.822085],[39.989167,48.851437],[39.863748,48.877999],[39.753367,48.914431],[39.705618,48.959596],[39.68655,49.007913],[39.759465,49.036594],[39.889741,49.06406],[39.976351,49.129818],[40.069989,49.200279],[40.108798,49.251542],[40.12828,49.307249],[40.126213,49.368873],[40.057845,49.431557],[40.057845,49.497082],[40.094897,49.542661],[40.080634,49.576845]]]}},{"type":"Feature","properties":{"name":"Tula"},"geometry":{"type":"Polygon","coordinates":[[[38.895435,53.565206],[38.697204,53.500094],[38.761696,53.382039],[38.477269,53.310028],[38.595402,53.240316],[38.632712,53.123218],[38.594575,53.048545],[38.472929,53.041233],[38.306634,52.974079],[38.107679,53.059036],[37.912446,53.072626],[37.841029,53.008548],[37.787389,53.088853],[37.561253,53.168822],[37.568281,53.289047],[37.327159,53.303207],[37.196934,53.250703],[37.088207,53.280004],[36.807294,53.296618],[36.666837,53.415861],[36.535166,53.391367],[36.398016,53.428522],[36.220249,53.570296],[36.098293,53.555853],[36.009616,53.618278],[35.931482,53.786071],[35.988739,53.916348],[36.111316,53.961048],[36.200716,54.098249],[36.237199,54.229093],[36.353781,54.223254],[36.461475,54.288159],[36.714483,54.31715],[36.891423,54.283199],[36.965424,54.39575],[36.848428,54.472153],[36.80502,54.609949],[37.08862,54.548815],[37.207579,54.68767],[37.259049,54.835826],[37.460794,54.822261],[37.56425,54.736504],[37.758347,54.73622],[37.749872,54.820323],[37.938594,54.832261],[38.03926,54.713663],[38.218784,54.659558],[38.46218,54.640334],[38.489982,54.579718],[38.39035,54.468614],[38.513753,54.364046],[38.521194,54.288831],[38.675087,54.244674],[38.671883,54.177417],[38.763867,54.13481],[38.69431,54.074917],[38.713741,54.001252],[38.840658,53.91888],[38.794563,53.872061],[38.836834,53.760001],[38.909284,53.753438],[38.895435,53.565206]]]}},{"type":"Feature","properties":{"name":"Volgograd"},"geometry":{"type":"Polygon","coordinates":[[[47.446631,50.368456],[47.429178,50.35796],[47.376364,50.318118],[47.326445,50.273521],[47.294716,50.217504],[47.297713,50.140247],[47.295232,50.058495],[47.248362,50.000876],[47.129609,49.939045],[46.991943,49.85272],[46.889572,49.696967],[46.823116,49.50225],[46.802084,49.367065],[46.852985,49.303864],[46.953444,49.252601],[47.018143,49.199917],[47.031373,49.150282],[47.014268,49.098347],[46.962229,49.038351],[46.852985,48.969621],[46.702607,48.805548],[46.643564,48.659068],[46.297981,48.839991],[46.057478,48.868904],[45.948338,48.835934],[45.759512,48.665815],[45.60872,48.592848],[45.301142,48.558018],[45.374936,48.464071],[45.171744,48.438956],[45.04152,48.394566],[44.987363,48.268165],[45.149524,48.23827],[45.300625,48.097685],[45.136915,48.111844],[44.962558,48.208686],[44.933206,48.13546],[44.765981,48.058824],[44.662318,48.089261],[44.546666,48.063061],[44.540155,48.196903],[44.305854,48.255065],[44.314122,48.094119],[44.447654,48.049677],[44.466878,47.990249],[44.389053,47.868267],[44.082509,47.909014],[44.032279,47.8161],[43.951457,47.756052],[43.822059,47.749747],[43.705167,47.683136],[43.633647,47.570378],[43.731522,47.476611],[43.482028,47.483743],[43.262507,47.450179],[43.054251,47.572755],[42.955342,47.51033],[42.785017,47.731144],[42.728483,47.854082],[42.491908,48.013607],[42.342873,48.044768],[42.282515,48.015726],[42.029817,48.028542],[42.096377,48.154064],[42.051005,48.229976],[42.146503,48.287182],[42.074052,48.391879],[42.16521,48.463967],[42.276521,48.49797],[42.441575,48.504843],[42.633708,48.551559],[42.701094,48.624423],[42.651071,48.704624],[42.739748,48.786325],[42.64425,48.976933],[42.410569,49.047291],[42.343803,49.152142],[42.09524,49.140567],[42.036639,49.267407],[42.092346,49.288671],[42.053485,49.402256],[42.071985,49.501785],[42.178439,49.66839],[42.115083,49.750349],[41.876132,49.900417],[41.616716,49.96217],[41.595012,50.045421],[41.492382,50.083558],[41.362054,50.22634],[41.508609,50.392118],[41.423549,50.48157],[41.525765,50.598669],[41.400088,50.625024],[41.314409,50.724604],[41.167544,50.780518],[41.369806,50.830774],[41.444323,50.917357],[41.737019,51.025723],[41.854944,51.188555],[41.977004,51.203283],[42.067334,51.160004],[42.254817,51.132486],[42.57304,51.168505],[42.71546,51.239353],[42.872867,51.231343],[43.141584,51.121996],[43.32979,51.017661],[43.642225,51.066082],[43.682326,51.112953],[43.864434,51.11303],[44.004477,51.08727],[44.181831,51.11657],[44.210253,51.193516],[44.659631,51.172639],[45.04245,51.126259],[45.20182,51.039624],[45.215049,50.942059],[45.308067,50.876843],[45.292564,50.781087],[45.191278,50.697371],[45.241094,50.586267],[45.495136,50.61257],[45.667631,50.593605],[45.678173,50.729462],[45.810672,50.773594],[45.88953,50.758556],[46.068434,50.652309],[46.065333,50.543685],[46.254779,50.52888],[46.29457,50.567353],[46.460761,50.546941],[46.483189,50.616756],[46.583441,50.70073],[46.707568,50.690886],[46.830455,50.632517],[46.877687,50.523945],[47.007705,50.480175],[47.184025,50.511904],[47.277352,50.371732],[47.446631,50.368456]]]}},{"type":"Feature","properties":{"name":"Belgorod"},"geometry":{"type":"Polygon","coordinates":[[[39.174561,49.855899],[39.114956,49.841764],[39.027675,49.818406],[38.918379,49.824685],[38.776683,49.884346],[38.64775,49.952869],[38.551993,49.954574],[38.451224,49.964082],[38.258575,50.052346],[38.208655,50.051467],[38.177598,50.025371],[38.162663,49.954522],[38.146799,49.939407],[38.112485,49.927831],[38.046908,49.920002],[37.950273,49.964212],[37.70419,50.109061],[37.605126,50.21492],[37.582337,50.291866],[37.501308,50.3407],[37.422812,50.411497],[37.343178,50.417646],[37.254915,50.39496],[37.171044,50.36088],[37.131202,50.351501],[36.988523,50.339563],[36.75908,50.29184],[36.696396,50.246262],[36.61945,50.209235],[36.55966,50.234867],[36.499819,50.280445],[36.368871,50.296827],[36.306084,50.280445],[36.243401,50.311761],[36.18945,50.36783],[36.11638,50.408525],[36.007756,50.419662],[35.890192,50.437128],[35.796193,50.405761],[35.67372,50.345971],[35.591089,50.36876],[35.54551,50.439971],[35.488511,50.459918],[35.411617,50.53968],[35.39167,50.610916],[35.411617,50.642232],[35.440142,50.682101],[35.440142,50.727679],[35.417353,50.767573],[35.383143,50.798915],[35.346143,50.904309],[35.314775,50.949888],[35.313343,50.959216],[35.512386,50.947123],[35.546389,50.90573],[35.816967,50.944694],[35.876911,51.012365],[35.999591,51.057659],[35.976337,51.157524],[36.313577,51.103341],[36.617538,51.079751],[36.855766,51.185765],[36.93018,51.181011],[37.053997,51.246898],[37.144224,51.342913],[37.249127,51.330976],[37.379145,51.385443],[37.538619,51.394279],[37.666673,51.365651],[37.828627,51.420479],[38.046495,51.419652],[38.027271,51.366167],[38.291544,51.292451],[38.445953,51.257388],[38.50104,51.188865],[38.395621,51.156826],[38.396861,51.076521],[38.516233,51.061845],[38.618449,50.998386],[38.737615,51.073679],[38.845826,51.036472],[38.873628,50.911311],[38.736685,50.901389],[38.724489,50.790078],[38.966232,50.646521],[39.072375,50.636109],[39.097697,50.506065],[38.990416,50.432736],[39.084777,50.34871],[39.09904,50.172752],[39.233606,50.05617],[39.174561,49.855899]]]}},{"type":"Feature","properties":{"name":"Krasnodar"},"geometry":{"type":"Polygon","coordinates":[[[40.688726,43.519599],[40.64799,43.533906],[40.519005,43.512021],[40.342272,43.542743],[40.150139,43.569796],[40.084613,43.553104],[40.023738,43.48484],[39.978315,43.419831],[39.873633,43.472803],[39.516699,43.727881],[39.329395,43.897266],[38.717285,44.288086],[38.63584,44.318018],[38.311816,44.374463],[38.18125,44.419678],[37.851465,44.698828],[37.704883,44.661377],[37.572461,44.67085],[37.495117,44.695264],[37.411328,44.735352],[37.352344,44.788379],[37.284082,44.905029],[37.204785,44.971973],[36.944434,45.06958],[36.650781,45.126465],[36.627637,45.151318],[36.619141,45.185498],[36.873047,45.251758],[36.941211,45.289697],[36.811035,45.340039],[36.761621,45.34834],[36.72041,45.371875],[36.79375,45.409717],[36.865918,45.427051],[36.977832,45.383594],[37.103516,45.302881],[37.213574,45.272314],[37.264258,45.310937],[37.647168,45.377197],[37.672949,45.429736],[37.671875,45.488379],[37.634375,45.486328],[37.609961,45.499512],[37.612402,45.564697],[37.669238,45.654053],[37.840918,45.799561],[37.933105,46.001709],[38.014258,46.047754],[38.073828,46.01709],[38.069727,45.969873],[38.07959,45.934814],[38.132812,46.002832],[38.183594,46.094824],[38.311816,46.095361],[38.400391,46.080029],[38.492285,46.090527],[38.315234,46.241943],[38.077734,46.394336],[37.977539,46.382861],[37.913867,46.406494],[37.80957,46.53208],[37.766504,46.636133],[37.867383,46.633789],[37.967969,46.618018],[38.159473,46.690674],[38.22998,46.70127],[38.343457,46.67832],[38.500977,46.663672],[38.487988,46.732178],[38.438672,46.813086],[38.630762,46.873047],[38.66561,46.879821],[38.690486,46.821483],[38.883033,46.807996],[38.849236,46.71255],[38.88448,46.634777],[39.09904,46.601342],[39.180379,46.688365],[39.443515,46.8089],[39.577461,46.777507],[39.816516,46.784586],[40.023428,46.764846],[40.131535,46.722265],[40.044719,46.616431],[40.058672,46.542379],[40.214424,46.524938],[40.284084,46.403473],[40.233648,46.358463],[40.339481,46.279889],[40.734599,46.276245],[40.756613,46.232527],[40.953501,46.197956],[40.999596,46.126642],[41.125893,46.067886],[41.162377,45.953552],[41.260562,45.872032],[41.274411,45.754107],[41.172195,45.701629],[40.870302,45.695919],[40.840846,45.538823],[40.924769,45.42994],[41.008071,45.384827],[41.03825,45.21817],[41.260149,45.228144],[41.359574,45.212021],[41.347068,45.121897],[41.469335,44.98697],[41.641521,44.980976],[41.651029,44.89664],[41.538374,44.736339],[41.417452,44.707762],[41.56659,44.546015],[41.701879,44.501367],[41.729371,44.458553],[41.602247,44.367473],[41.704049,44.308355],[41.711491,44.24301],[41.632529,44.121907],[41.538478,44.08532],[41.449491,43.993904],[41.282473,44.011629],[41.255911,44.080617],[40.985437,44.11555],[40.95071,43.989382],[40.781728,43.926828],[40.723851,43.810479],[40.723437,43.631497],[40.688726,43.519599]],[[39.751507,45.126548],[39.641643,45.192952],[39.540047,45.15559],[39.324246,45.001233],[39.042299,44.965938],[38.920963,45.016529],[38.72821,45.012498],[38.760353,44.938601],[39.063797,44.81034],[39.552656,44.806516],[39.631617,44.857572],[39.489301,44.96661],[39.495088,45.030688],[39.639162,45.03397],[39.750267,44.934699],[39.883798,45.007434],[40.019811,44.723834],[39.914908,44.698616],[39.914804,44.582886],[39.87429,44.472531],[39.792641,44.357112],[39.907776,44.324633],[39.970925,44.256007],[40.078205,44.244173],[39.988495,44.07762],[39.904676,44.076741],[39.800289,44.189809],[39.71802,44.117798],[39.754297,44.060877],[39.729699,43.917991],[39.930514,43.898096],[40.27902,43.751232],[40.336381,43.769241],[40.455236,43.981011],[40.383406,44.033385],[40.366456,44.198052],[40.43653,44.284403],[40.407797,44.342875],[40.406351,44.4993],[40.327079,44.563999],[40.393638,44.725255],[40.554248,44.719751],[40.624528,44.767035],[40.527583,44.915192],[40.415549,44.999941],[40.17422,45.109598],[39.96431,45.074768],[39.751507,45.126548]]]}},{"type":"Feature","properties":{"name":"Mordovia"},"geometry":{"type":"Polygon","coordinates":[[[42.466793,54.871302],[42.636395,54.786734],[43.097659,54.798774],[43.155227,54.902747],[43.36896,54.94967],[43.610496,54.901145],[43.689458,54.830555],[43.94908,54.806991],[43.939055,54.74193],[44.091397,54.73374],[44.10721,54.64576],[44.376444,54.589795],[44.539845,54.530393],[44.597413,54.579615],[44.739523,54.515691],[44.917186,54.476236],[45.113557,54.493883],[45.029428,54.568142],[45.091439,54.658886],[45.041106,54.714387],[45.124099,54.796242],[45.208641,54.757175],[45.266209,54.872827],[45.424442,54.881767],[45.439118,55.03323],[45.60469,55.163817],[45.710316,55.176762],[45.740392,55.077284],[45.815323,54.999744],[45.954126,54.996566],[46.055721,55.042119],[46.414666,54.895358],[46.441331,54.772161],[46.444122,54.687877],[46.515642,54.653357],[46.533315,54.552588],[46.481845,54.499309],[46.543134,54.406343],[46.733716,54.384484],[46.71904,54.329552],[46.48815,54.284361],[46.379423,54.230514],[46.018308,54.189406],[45.879091,54.031276],[45.791552,54.003887],[45.646237,53.930223],[45.339279,53.884877],[45.176189,53.978773],[44.88277,53.969058],[44.616533,53.891543],[44.614672,53.83134],[44.729498,53.699668],[44.533851,53.66427],[44.4275,53.723388],[44.313606,53.701219],[44.206222,53.760336],[44.099355,53.735635],[43.87694,53.809687],[43.932957,53.861777],[43.751779,53.963218],[43.527814,54.014636],[43.425081,53.98854],[43.309533,54.017013],[43.181582,54.001097],[43.106341,53.909216],[43.17042,53.839246],[42.939839,53.801083],[42.630918,53.807595],[42.512992,53.737237],[42.307733,53.847463],[42.437441,54.011794],[42.318585,54.09892],[42.534696,54.082746],[42.595984,54.176538],[42.462762,54.253872],[42.2728,54.171474],[42.206344,54.230514],[42.380804,54.263872],[42.527151,54.366604],[42.625233,54.373426],[42.556607,54.49223],[42.699337,54.582353],[42.523844,54.7225],[42.419251,54.736298],[42.390519,54.807043],[42.466793,54.871302]]]}},{"type":"Feature","properties":{"name":"Penza"},"geometry":{"type":"Polygon","coordinates":[[[45.791552,54.003887],[45.957226,54.005386],[46.211991,53.908699],[46.192561,53.850253],[46.468306,53.654296],[46.493628,53.510894],[46.794798,53.408497],[46.905902,53.335324],[46.954478,53.191095],[46.91262,53.079189],[46.935254,52.909768],[46.98321,52.771275],[46.852055,52.726033],[46.830661,52.616272],[46.713046,52.627899],[46.516158,52.695027],[46.288782,52.671876],[46.276276,52.618597],[46.146775,52.591364],[45.971489,52.485634],[45.980584,52.407163],[45.717034,52.470803],[45.644377,52.518552],[45.528002,52.48075],[45.43147,52.400497],[45.264349,52.392255],[45.139912,52.420522],[45.071906,52.376855],[44.909642,52.377527],[44.872538,52.434009],[44.500261,52.521213],[44.539122,52.432149],[44.421919,52.415819],[44.346679,52.316135],[44.043958,52.349518],[43.747025,52.433441],[43.532051,52.426309],[43.352734,52.392513],[43.19295,52.462328],[43.079572,52.402745],[43.011256,52.482223],[43.041642,52.560591],[43.236565,52.66123],[43.095179,52.821712],[42.905423,52.969687],[42.7475,53.022268],[42.354242,53.368216],[42.312177,53.440408],[42.093896,53.539833],[42.13441,53.812168],[42.307733,53.847463],[42.512992,53.737237],[42.630918,53.807595],[42.939839,53.801083],[43.17042,53.839246],[43.106341,53.909216],[43.181582,54.001097],[43.309533,54.017013],[43.425081,53.98854],[43.527814,54.014636],[43.751779,53.963218],[43.932957,53.861777],[43.87694,53.809687],[44.099355,53.735635],[44.206222,53.760336],[44.313606,53.701219],[44.4275,53.723388],[44.533851,53.66427],[44.729498,53.699668],[44.614672,53.83134],[44.616533,53.891543],[44.88277,53.969058],[45.176189,53.978773],[45.339279,53.884877],[45.646237,53.930223],[45.791552,54.003887]]]}},{"type":"Feature","properties":{"name":"Ryazan'"},"geometry":{"type":"Polygon","coordinates":[[[40.160164,53.342171],[39.917905,53.416223],[39.906846,53.498544],[39.740241,53.588254],[39.511521,53.525364],[39.523614,53.462318],[39.415403,53.413588],[39.161775,53.394571],[39.041473,53.5496],[38.895435,53.565206],[38.909284,53.753438],[38.836834,53.760001],[38.794563,53.872061],[38.840658,53.91888],[38.713741,54.001252],[38.69431,54.074917],[38.763867,54.13481],[38.671883,54.177417],[38.675087,54.244674],[38.736892,54.345055],[38.908768,54.397662],[38.797663,54.451199],[38.820401,54.601939],[39.215726,54.63217],[39.32838,54.748441],[39.39773,54.876082],[39.48837,54.940833],[39.684534,55.020725],[39.812795,54.99747],[39.888243,55.081341],[39.826954,55.182575],[40.001414,55.200404],[40.206466,55.309337],[40.345372,55.339982],[40.516835,55.327657],[40.611506,55.20707],[40.729432,55.203918],[40.964559,55.2604],[41.046622,55.183247],[41.210332,55.221177],[41.41156,55.130976],[41.49662,55.156995],[41.658264,55.108936],[41.783217,55.119117],[41.886364,55.059172],[42.166657,54.949049],[42.439715,55.012973],[42.466793,54.871302],[42.390519,54.807043],[42.419251,54.736298],[42.523844,54.7225],[42.699337,54.582353],[42.556607,54.49223],[42.625233,54.373426],[42.527151,54.366604],[42.380804,54.263872],[42.206344,54.230514],[42.2728,54.171474],[42.462762,54.253872],[42.595984,54.176538],[42.534696,54.082746],[42.318585,54.09892],[42.437441,54.011794],[42.307733,53.847463],[42.13441,53.812168],[41.748284,53.823485],[41.400088,53.783177],[41.348722,53.741139],[41.353683,53.556292],[41.174366,53.433741],[41.0213,53.4895],[40.839502,53.487485],[40.738423,53.559987],[40.501952,53.461078],[40.317467,53.356201],[40.160164,53.342171]]]}},{"type":"Feature","properties":{"name":"Tambov"},"geometry":{"type":"Polygon","coordinates":[[[42.13441,53.812168],[42.093896,53.539833],[42.312177,53.440408],[42.354242,53.368216],[42.7475,53.022268],[42.905423,52.969687],[43.095179,52.821712],[43.236565,52.66123],[43.041642,52.560591],[43.011256,52.482223],[43.079572,52.402745],[42.996477,52.364659],[42.75153,52.173767],[42.751324,52.077752],[42.805997,52.012226],[42.694066,51.966079],[42.64332,51.804022],[42.490358,51.692788],[42.489221,51.607703],[42.403438,51.632869],[42.27373,51.600417],[42.247685,51.694494],[41.952199,51.656382],[41.556461,51.766711],[41.311308,51.793816],[41.268313,51.734956],[41.066052,51.710177],[40.891902,51.742604],[40.937688,51.890244],[40.734599,51.940396],[40.503812,51.953522],[40.50681,52.02189],[40.63197,52.066486],[40.615847,52.12917],[40.696875,52.269626],[40.47663,52.373754],[40.3308,52.402952],[40.202952,52.511627],[40.067456,52.560513],[39.953148,52.654357],[39.979193,52.768821],[40.079859,52.804167],[40.070454,52.925297],[40.141457,53.071903],[40.106627,53.275663],[40.160164,53.342171],[40.317467,53.356201],[40.501952,53.461078],[40.738423,53.559987],[40.839502,53.487485],[41.0213,53.4895],[41.174366,53.433741],[41.353683,53.556292],[41.348722,53.741139],[41.400088,53.783177],[41.748284,53.823485],[42.13441,53.812168]]]}},{"type":"Feature","properties":{"name":"Vladimir"},"geometry":{"type":"Polygon","coordinates":[[[40.206466,55.309337],[40.137323,55.434188],[40.140527,55.517232],[40.036864,55.545654],[40.085026,55.612601],[39.900232,55.734479],[39.82313,55.83282],[39.55524,55.776079],[39.358146,55.761041],[39.309777,55.830649],[39.123121,55.829771],[39.015841,55.925217],[38.839418,55.900903],[38.72914,55.953484],[38.605634,55.958859],[38.562329,56.083244],[38.402752,56.26424],[38.412364,56.368963],[38.329578,56.562284],[38.374123,56.696591],[38.629198,56.580991],[38.847376,56.597579],[39.000028,56.542751],[39.121054,56.593678],[39.271639,56.538306],[39.337372,56.609361],[39.309777,56.684447],[39.41716,56.772091],[39.679366,56.821777],[39.858787,56.779635],[39.878527,56.646052],[39.942606,56.529883],[40.155927,56.434282],[40.49079,56.583833],[40.714652,56.598458],[40.933657,56.501771],[41.052823,56.47508],[41.933906,56.516809],[41.957677,56.390563],[42.066404,56.368394],[42.288613,56.471282],[42.469274,56.421233],[42.587923,56.420226],[42.760832,56.306072],[42.754734,56.220135],[42.90594,56.151767],[42.686211,56.122104],[42.694066,56.002784],[42.564978,55.96909],[42.48643,55.851914],[42.380287,55.776802],[42.280965,55.769981],[42.055656,55.612937],[42.068368,55.481265],[42.117047,55.421734],[41.932976,55.329853],[41.858665,55.240918],[41.870241,55.157615],[41.783217,55.119117],[41.658264,55.108936],[41.49662,55.156995],[41.41156,55.130976],[41.210332,55.221177],[41.046622,55.183247],[40.964559,55.2604],[40.729432,55.203918],[40.611506,55.20707],[40.516835,55.327657],[40.345372,55.339982],[40.206466,55.309337]]]}},{"type":"Feature","properties":{"name":"Voronezh"},"geometry":{"type":"Polygon","coordinates":[[[40.080634,49.576845],[40.030663,49.59674],[39.958523,49.590772],[39.876822,49.567672],[39.780549,49.572039],[39.626553,49.650665],[39.462791,49.728024],[39.368481,49.73066],[39.302955,49.742055],[39.246008,49.781949],[39.211798,49.833212],[39.174561,49.855899],[39.233606,50.05617],[39.09904,50.172752],[39.084777,50.34871],[38.990416,50.432736],[39.097697,50.506065],[39.072375,50.636109],[38.966232,50.646521],[38.724489,50.790078],[38.736685,50.901389],[38.873628,50.911311],[38.845826,51.036472],[38.737615,51.073679],[38.618449,50.998386],[38.516233,51.061845],[38.396861,51.076521],[38.395621,51.156826],[38.50104,51.188865],[38.445953,51.257388],[38.291544,51.292451],[38.323377,51.340846],[38.276351,51.526364],[38.207312,51.629045],[38.219507,51.7078],[38.40978,51.687801],[38.40978,51.92019],[38.298779,51.961015],[38.528842,52.02375],[38.697618,52.097751],[38.762006,52.052379],[38.879932,52.092531],[38.994447,52.000702],[39.182343,52.098164],[39.447133,52.082196],[39.496639,51.972694],[39.834086,51.920164],[39.913047,51.979825],[40.08761,51.985018],[40.294626,51.95639],[40.503812,51.953522],[40.734599,51.940396],[40.937688,51.890244],[40.891902,51.742604],[41.066052,51.710177],[41.268313,51.734956],[41.311308,51.793816],[41.556461,51.766711],[41.952199,51.656382],[42.247685,51.694494],[42.27373,51.600417],[42.403438,51.632869],[42.489221,51.607703],[42.734064,51.479003],[42.860878,51.381412],[42.872867,51.231343],[42.71546,51.239353],[42.57304,51.168505],[42.254817,51.132486],[42.067334,51.160004],[41.977004,51.203283],[41.854944,51.188555],[41.737019,51.025723],[41.444323,50.917357],[41.369806,50.830774],[41.167544,50.780518],[41.314409,50.724604],[41.400088,50.625024],[41.525765,50.598669],[41.423549,50.48157],[41.508609,50.392118],[41.362054,50.22634],[41.288364,50.17947],[41.341487,50.075342],[41.1785,50.015707],[41.05644,49.91623],[41.029258,49.794222],[40.884771,49.690301],[40.612333,49.647513],[40.411001,49.596844],[40.169569,49.624051],[40.080634,49.576845]]]}},{"type":"Feature","properties":{"name":"Bashkortostan"},"geometry":{"type":"Polygon","coordinates":[[[53.631693,55.906691],[53.777421,55.970227],[53.837779,56.038647],[54.046758,56.057974],[54.117245,56.158226],[54.345758,56.252587],[54.352476,56.358524],[54.430197,56.342685],[54.531587,56.514897],[54.91823,56.391959],[54.968356,56.320439],[55.447706,56.340747],[55.548062,56.399503],[55.875794,56.436659],[56.073301,56.289484],[56.275253,56.305142],[56.40248,56.387411],[56.654558,56.220135],[56.729695,56.224062],[56.864054,56.1081],[57.21349,56.182049],[57.273538,56.304884],[57.408414,56.32912],[57.410791,56.235379],[57.537191,56.100194],[57.802085,56.15063],[57.907194,56.11549],[58.07938,56.141018],[58.307687,56.104534],[58.543021,56.163084],[58.746523,56.062754],[58.943514,56.065674],[59.026299,56.169388],[59.187943,56.127272],[59.268972,56.047897],[59.178435,55.990019],[59.228457,55.910567],[59.164999,55.789877],[59.295947,55.780472],[59.254812,55.614073],[59.446635,55.631953],[59.564871,55.49961],[59.201276,55.450104],[59.159211,55.331558],[58.980514,55.303291],[58.871993,55.32329],[58.796753,55.202781],[58.673556,55.188466],[58.815666,55.024859],[58.619502,54.94967],[58.364014,55.08439],[58.287946,55.17069],[58.14749,55.117411],[58.089302,55.020104],[57.964865,55.158597],[58.143976,55.208956],[58.030184,55.274766],[57.674857,55.300087],[57.517968,55.334039],[57.263616,55.261873],[57.233851,55.150303],[57.136906,55.092141],[57.243049,54.957059],[57.165121,54.81898],[57.386089,54.719761],[57.496987,54.700589],[57.594139,54.628656],[57.741727,54.583077],[57.742863,54.500601],[57.971377,54.392804],[58.206298,54.515071],[58.363704,54.547498],[58.613818,54.470267],[58.824658,54.572199],[59.061439,54.631859],[59.227837,54.611189],[59.404054,54.702553],[59.613757,54.866729],[59.805993,54.846368],[59.902938,54.866729],[59.974562,54.80141],[59.859737,54.603024],[59.679489,54.498147],[59.746255,54.447142],[59.666674,54.339681],[59.800516,54.242012],[59.693855,54.129099],[59.5442,54.196072],[59.344006,54.185065],[59.262564,54.13959],[59.162002,53.992906],[59.014104,53.958205],[58.906203,53.861571],[58.87282,53.758476],[58.906823,53.66582],[58.820937,53.595644],[58.868479,53.501799],[58.865069,53.319924],[58.828999,53.199699],[58.891424,53.188382],[58.900415,53.065909],[58.748797,52.835406],[58.777632,52.703708],[58.723682,52.645056],[58.812255,52.586661],[58.776599,52.525476],[58.827965,52.432717],[58.857007,52.263218],[58.690506,52.265286],[58.606067,52.180536],[58.694227,52.048761],[58.638933,52.016438],[58.576404,51.793066],[58.493722,51.762112],[58.235857,51.738393],[58.091679,51.794565],[57.981298,51.786245],[57.881873,51.845983],[57.783998,51.826191],[57.652636,51.86332],[57.620907,51.75896],[57.431565,51.725809],[57.37441,51.638605],[57.206669,51.575147],[57.035516,51.659689],[56.99924,51.728445],[56.875836,51.699015],[56.889685,51.624756],[56.780131,51.5922],[56.714606,51.720978],[56.748195,51.773403],[56.607636,51.829498],[56.68484,52.045299],[56.627479,52.117775],[56.495394,52.161519],[56.217168,52.132322],[56.193914,52.189011],[56.451366,52.308823],[56.444648,52.419591],[56.36517,52.523099],[56.077642,52.603611],[55.919202,52.49876],[55.889126,52.399076],[55.777609,52.343627],[55.545581,52.384942],[55.544858,52.541651],[55.411636,52.657613],[55.406675,52.837111],[55.263945,52.862458],[55.161832,52.823184],[54.955023,53.110454],[54.926601,53.219543],[54.801648,53.270754],[54.664085,53.235511],[54.558975,53.269695],[54.519598,53.359792],[54.30235,53.410487],[54.247159,53.375347],[54.108357,53.416559],[53.877983,53.658017],[53.655774,53.75243],[53.59831,53.883275],[53.470463,54.045745],[53.347783,54.38159],[53.425918,54.498793],[53.414135,54.551503],[53.515008,54.615504],[53.606888,54.728133],[53.578673,54.822184],[53.421887,54.982174],[53.269235,55.011965],[53.141077,55.098911],[53.146762,55.146557],[53.326906,55.166452],[53.418373,55.222004],[53.591386,55.211927],[53.722747,55.337656],[53.891005,55.381168],[53.996942,55.54431],[54.174502,55.623582],[54.176776,55.707039],[53.976375,55.852663],[53.759437,55.866203],[53.631693,55.906691]]]}},{"type":"Feature","properties":{"name":"Chelyabinsk"},"geometry":{"type":"Polygon","coordinates":[[[63.319128,54.17323],[63.292706,54.170441],[63.191316,54.171061],[63.126617,54.13928],[63.073959,54.105225],[62.632694,54.06931],[62.588252,54.044453],[62.499007,54.013163],[62.040276,54.002647],[62.002345,53.97991],[61.985654,53.954407],[61.928654,53.946475],[61.598132,53.994947],[61.333704,54.049259],[61.231023,54.019494],[61.143689,53.963838],[61.1132,53.882448],[61.1132,53.812995],[61.1132,53.753463],[61.073513,53.710469],[60.98556,53.657397],[60.979462,53.62174],[61.098524,53.583112],[61.247972,53.550995],[61.336132,53.56518],[61.409926,53.587039],[61.474109,53.58027],[61.51917,53.554483],[61.534932,53.523297],[61.52656,53.501567],[61.4985,53.484643],[61.400935,53.455807],[61.311638,53.465729],[61.228956,53.445885],[61.185961,53.406198],[61.16281,53.336745],[61.19919,53.287135],[61.310966,53.275198],[61.436798,53.239386],[61.576221,53.222436],[61.659834,53.228483],[61.766184,53.173912],[62.014696,53.10787],[62.0811,53.057434],[62.082702,53.005421],[62.037123,52.966121],[61.974181,52.943745],[61.888554,52.955889],[61.719365,52.969403],[61.53364,52.978524],[61.400728,52.99599],[61.206941,52.989066],[61.047468,52.972478],[61.00654,52.933358],[60.944735,52.860159],[60.893265,52.819412],[60.802315,52.744739],[60.774358,52.675803],[60.821228,52.569815],[60.979462,52.394787],[60.994551,52.336857],[60.937604,52.280582],[60.828411,52.233375],[60.670333,52.150822],[60.499336,52.146326],[60.42549,52.125604],[60.233667,52.024499],[60.065512,51.976466],[60.064415,51.975119],[59.913687,52.100438],[59.975492,52.181828],[60.139616,52.267301],[60.148608,52.420522],[59.945623,52.428273],[59.781292,52.491835],[59.508647,52.435404],[59.397543,52.49522],[59.248611,52.486848],[59.175024,52.277378],[58.827965,52.432717],[58.776599,52.525476],[58.812255,52.586661],[58.723682,52.645056],[58.777632,52.703708],[58.748797,52.835406],[58.900415,53.065909],[58.891424,53.188382],[58.828999,53.199699],[58.865069,53.319924],[58.868479,53.501799],[58.820937,53.595644],[58.906823,53.66582],[58.87282,53.758476],[58.906203,53.861571],[59.014104,53.958205],[59.162002,53.992906],[59.262564,54.13959],[59.344006,54.185065],[59.5442,54.196072],[59.693855,54.129099],[59.800516,54.242012],[59.666674,54.339681],[59.746255,54.447142],[59.679489,54.498147],[59.859737,54.603024],[59.974562,54.80141],[59.902938,54.866729],[59.805993,54.846368],[59.613757,54.866729],[59.404054,54.702553],[59.227837,54.611189],[59.061439,54.631859],[58.824658,54.572199],[58.613818,54.470267],[58.363704,54.547498],[58.206298,54.515071],[57.971377,54.392804],[57.742863,54.500601],[57.741727,54.583077],[57.594139,54.628656],[57.496987,54.700589],[57.386089,54.719761],[57.165121,54.81898],[57.243049,54.957059],[57.136906,55.092141],[57.233851,55.150303],[57.263616,55.261873],[57.517968,55.334039],[57.674857,55.300087],[58.030184,55.274766],[58.143976,55.208956],[57.964865,55.158597],[58.089302,55.020104],[58.14749,55.117411],[58.287946,55.17069],[58.364014,55.08439],[58.619502,54.94967],[58.815666,55.024859],[58.673556,55.188466],[58.796753,55.202781],[58.871993,55.32329],[58.980514,55.303291],[59.159211,55.331558],[59.201276,55.450104],[59.564871,55.49961],[59.446635,55.631953],[59.254812,55.614073],[59.295947,55.780472],[59.164999,55.789877],[59.228457,55.910567],[59.178435,55.990019],[59.268972,56.047897],[59.187943,56.127272],[59.026299,56.169388],[59.134613,56.205975],[59.122107,56.317235],[59.194351,56.351806],[59.349174,56.317906],[59.701297,56.306072],[59.788733,56.23264],[59.920818,56.26468],[60.239559,56.209179],[60.314799,56.238221],[60.584757,56.21352],[60.750845,56.237343],[60.908975,56.188095],[61.150304,56.217034],[61.084158,56.32571],[61.150097,56.375784],[61.267299,56.331394],[61.384915,56.366999],[61.53705,56.297443],[61.641954,56.319405],[61.816103,56.23941],[61.863542,56.180705],[62.071798,56.133525],[62.132363,56.065364],[62.305169,55.978702],[62.342893,55.905063],[62.516836,55.737787],[62.515905,55.563637],[62.579261,55.51749],[62.303929,55.403285],[62.234269,55.34086],[62.049164,55.310552],[62.164919,55.242055],[62.244191,55.079377],[61.989116,55.035246],[61.979917,54.933831],[62.123371,54.815104],[62.024773,54.716505],[62.147246,54.644417],[62.379066,54.672064],[62.424335,54.72343],[62.710622,54.625762],[62.903272,54.694181],[63.192143,54.68643],[63.295496,54.563595],[63.237929,54.477864],[63.130235,54.44784],[63.128374,54.305885],[63.250021,54.247128],[63.319128,54.17323]]]}},{"type":"Feature","properties":{"name":"Kurgan"},"geometry":{"type":"Polygon","coordinates":[[[68.771528,55.330969],[68.712943,55.308511],[68.524789,55.204848],[68.438438,55.194409],[68.30196,55.186503],[68.206204,55.160923],[68.225324,55.115241],[68.244031,55.052428],[68.209408,55.003051],[68.15582,54.976696],[68.073861,54.959591],[67.939915,54.9537],[67.829896,54.943572],[67.693419,54.872413],[67.484698,54.854482],[67.257321,54.828798],[67.098365,54.788181],[66.75451,54.737899],[66.5554,54.71542],[66.222656,54.667361],[65.954714,54.659506],[65.914199,54.693303],[65.707752,54.618682],[65.476913,54.623281],[65.434435,54.593309],[65.37816,54.564473],[65.315941,54.551554],[65.237393,54.516053],[65.192228,54.441122],[65.15776,54.364408],[65.088358,54.340172],[64.995444,54.368775],[64.926714,54.396628],[64.809305,54.368568],[64.649935,54.352238],[64.525085,54.36216],[64.461213,54.384174],[64.19942,54.347432],[64.062943,54.302913],[64.037415,54.279736],[64.003877,54.267101],[63.84709,54.236483],[63.721206,54.24501],[63.701311,54.243227],[63.58199,54.22191],[63.413628,54.183205],[63.319128,54.17323],[63.250021,54.247128],[63.128374,54.305885],[63.130235,54.44784],[63.237929,54.477864],[63.295496,54.563595],[63.192143,54.68643],[62.903272,54.694181],[62.710622,54.625762],[62.424335,54.72343],[62.379066,54.672064],[62.147246,54.644417],[62.024773,54.716505],[62.123371,54.815104],[61.979917,54.933831],[61.989116,55.035246],[62.244191,55.079377],[62.164919,55.242055],[62.049164,55.310552],[62.234269,55.34086],[62.303929,55.403285],[62.579261,55.51749],[62.515905,55.563637],[62.516836,55.737787],[62.342893,55.905063],[62.305169,55.978702],[62.132363,56.065364],[62.071798,56.133525],[62.08265,56.291035],[62.252562,56.36271],[62.332971,56.469163],[62.542157,56.577736],[62.590216,56.52363],[63.001147,56.597993],[63.097782,56.568899],[63.358541,56.563369],[63.447735,56.609723],[63.766475,56.507972],[64.173272,56.468388],[64.237454,56.519393],[64.219264,56.600835],[64.35662,56.652925],[64.336983,56.752712],[64.483951,56.760205],[64.542138,56.808419],[64.825842,56.841079],[64.995444,56.768267],[65.016011,56.649359],[64.967229,56.500841],[65.087945,56.448338],[65.116884,56.325399],[65.667134,56.273516],[65.707649,56.195433],[65.860921,56.06464],[66.027939,55.990278],[66.185552,56.068025],[66.298103,56.058077],[66.463468,55.950487],[66.760504,56.045468],[66.801639,55.966972],[66.988501,55.988805],[67.298663,55.896743],[67.446664,55.735048],[67.590944,55.71076],[67.824625,55.720682],[67.912062,55.66482],[68.189461,55.700166],[68.173855,55.596038],[68.316998,55.555214],[68.486807,55.401218],[68.590573,55.424421],[68.771528,55.330969]]]}},{"type":"Feature","properties":{"name":"Nenets"},"geometry":{"type":"MultiPolygon","coordinates":[[[[44.220833,66.407181],[44.316406,66.481689],[44.488672,66.671777],[44.437109,66.794629],[44.429297,66.937744],[44.403906,67.004199],[44.291797,67.099658],[44.074414,67.167334],[43.855371,67.188623],[43.782422,67.254492],[43.795703,67.32959],[43.856348,67.439307],[44.036426,67.670654],[44.225391,67.995605],[44.231543,68.07124],[44.213867,68.112598],[44.226465,68.154443],[44.204688,68.25376],[44.169141,68.3271],[43.404004,68.608545],[43.358008,68.635791],[43.333203,68.673389],[43.413281,68.681738],[43.471973,68.679834],[44.048047,68.548828],[44.175293,68.541748],[45.078125,68.578174],[45.519434,68.546533],[45.891992,68.479687],[46.158398,68.291357],[46.429688,68.118848],[46.683594,67.970459],[46.69043,67.848828],[46.428906,67.823682],[46.174219,67.818164],[45.528711,67.757568],[45.374121,67.688867],[44.939453,67.477441],[44.902148,67.413135],[44.939453,67.350781],[45.138867,67.284717],[45.562207,67.185596],[45.752539,66.98916],[45.885352,66.891064],[45.986035,66.853125],[46.083984,66.843506],[46.297754,66.842822],[46.448535,66.818994],[46.492383,66.800195],[46.552344,66.818994],[46.69082,66.825537],[47.496484,66.929834],[47.655859,66.975928],[47.709082,67.04502],[47.768066,67.275635],[47.839258,67.355713],[47.908203,67.454688],[47.882617,67.515332],[47.874707,67.58418],[48.278711,67.650391],[48.653809,67.695264],[48.833203,67.681494],[48.87793,67.731348],[48.762695,67.827002],[48.695703,67.874219],[48.754297,67.895947],[48.840625,67.869727],[48.953906,67.853809],[49.155273,67.87041],[49.93125,68.065137],[50.233203,68.175342],[50.414062,68.218359],[50.699414,68.317725],[50.838867,68.349951],[51.078516,68.36333],[51.336133,68.402441],[51.616699,68.476318],[51.994727,68.53877],[52.055664,68.541309],[52.128809,68.532031],[52.285352,68.459375],[52.227441,68.418604],[52.183496,68.374268],[52.25918,68.350928],[52.322266,68.339697],[52.39668,68.351709],[52.475,68.382129],[52.669727,68.426758],[52.722656,68.484033],[52.647656,68.506152],[52.550098,68.592432],[52.435059,68.610205],[52.344043,68.608154],[52.683594,68.731201],[53.412891,68.912549],[53.801953,68.995898],[54.18584,69.00332],[54.491211,68.992334],[54.37627,68.964746],[53.874414,68.926611],[53.797656,68.907471],[53.798242,68.884668],[53.919531,68.87124],[53.970605,68.844287],[53.929297,68.811865],[53.891211,68.801514],[53.833887,68.708936],[53.758887,68.633984],[53.917676,68.536963],[53.930859,68.435547],[53.829492,68.382666],[53.690039,68.402539],[53.566699,68.36709],[53.342578,68.343213],[53.293359,68.31167],[53.260547,68.26748],[53.403125,68.256836],[53.515137,68.259668],[53.913672,68.231201],[53.967871,68.227344],[54.099219,68.259033],[54.23291,68.266309],[54.393945,68.275098],[54.476172,68.294141],[54.56123,68.273047],[54.717969,68.18418],[54.861328,68.201855],[54.923047,68.373828],[55.150879,68.480029],[55.418066,68.567822],[55.675293,68.575879],[55.924609,68.637305],[56.043652,68.648877],[56.275684,68.624072],[56.620215,68.619043],[56.909375,68.566699],[57.126855,68.554004],[57.444336,68.641504],[58.173047,68.889746],[58.237012,68.833936],[58.353906,68.916211],[58.918945,69.003809],[59.057324,69.006055],[59.059863,68.972559],[59.110156,68.896289],[59.22041,68.849609],[59.370508,68.738379],[59.29834,68.708447],[59.222559,68.691309],[59.112305,68.616309],[59.099023,68.444336],[59.310742,68.400293],[59.604297,68.351123],[59.725684,68.351611],[59.827539,68.380322],[59.858789,68.396045],[59.897363,68.421924],[59.922852,68.471338],[59.941406,68.510498],[59.865137,68.604932],[59.895996,68.706348],[60.160254,68.699512],[60.48916,68.728955],[60.637695,68.787012],[60.815137,68.895215],[60.933594,68.986768],[60.858594,69.145508],[60.664551,69.110254],[60.337305,69.457031],[60.170605,69.590918],[60.276465,69.652637],[60.558691,69.692334],[60.812988,69.821143],[60.909082,69.847119],[61.015918,69.851465],[61.770508,69.763037],[62.63125,69.743115],[63.361426,69.675293],[64.19043,69.534668],[64.592188,69.435645],[64.928516,69.325391],[64.896289,69.247803],[65.031543,69.269824],[65.03624,69.268735],[64.989966,69.204717],[64.545136,69.032195],[64.554127,68.871404],[64.904287,68.871352],[65.064484,68.813991],[65.314908,68.803294],[65.32638,68.730017],[65.516652,68.588372],[65.654318,68.556177],[65.480479,68.430449],[64.745123,68.404455],[64.522811,68.343787],[64.530253,68.200127],[64.324787,68.134084],[63.829004,68.017244],[63.944242,67.88366],[63.689684,67.762066],[63.445254,67.770954],[63.160517,67.690881],[62.871233,67.579648],[62.821313,67.388032],[61.85052,67.126136],[61.694767,67.030017],[61.431734,66.999683],[60.082049,66.989865],[59.917718,67.001595],[58.789621,66.999683],[53.77246,66.998546],[52.245525,67.089135],[51.83573,66.995394],[51.810719,66.954208],[51.494563,66.907389],[51.510169,66.783262],[49.006032,66.119117],[48.156265,66.130279],[47.753189,65.940704],[47.763731,65.860838],[47.660791,65.808076],[47.407267,65.83593],[47.110437,65.821176],[46.347487,66.028011],[45.831652,66.088214],[45.741322,66.067906],[44.578499,66.307322],[44.476386,66.370109],[44.220833,66.407181]]],[[[49.225195,69.51123],[49.996289,69.309424],[50.167285,69.25708],[50.265234,69.185596],[50.283008,69.088867],[50.220605,69.048779],[50.164453,69.037549],[50.140918,69.098145],[50.093945,69.125537],[49.920801,69.053271],[49.839844,68.973779],[49.62627,68.859717],[49.180469,68.778418],[48.910352,68.743066],[48.666992,68.733154],[48.439063,68.804883],[48.315918,68.942383],[48.294434,68.984229],[48.278809,69.040332],[48.280273,69.096631],[48.296289,69.183887],[48.319922,69.269238],[48.413867,69.345654],[48.631348,69.436035],[48.844922,69.494727],[48.95332,69.509277],[49.225195,69.51123]]],[[[60.392578,69.962402],[60.450488,69.934863],[60.480664,69.885498],[60.477246,69.793701],[60.440234,69.725928],[60.327148,69.715283],[60.215918,69.687695],[60.026172,69.717041],[59.919531,69.696973],[59.812793,69.695654],[59.724609,69.706201],[59.637012,69.721045],[59.578223,69.738623],[59.58125,69.790869],[59.502637,69.866211],[59.381543,69.89043],[59.268359,69.898438],[59.144238,69.921924],[59.08252,69.910791],[59.004004,69.883301],[58.952734,69.892773],[58.680078,70.051025],[58.63418,70.088037],[58.605566,70.129199],[58.568066,70.155664],[58.473047,70.266846],[58.519922,70.318311],[58.615332,70.35083],[58.678027,70.35957],[58.794238,70.432959],[59.005273,70.465186],[59.048047,70.460498],[59.088281,70.437109],[59.309863,70.36167],[59.425977,70.310937],[59.529102,70.248975],[59.636328,70.197021],[59.955859,70.10835],[60.172266,70.022852],[60.392578,69.962402]]]]}},{"type":"Feature","properties":{"name":"Yamal-Nenets"},"geometry":{"type":"MultiPolygon","coordinates":[[[[70.057227,66.599463],[70.110059,66.569092],[70.05918,66.517578],[70.020703,66.502197],[69.844727,66.489746],[69.651367,66.565332],[69.469336,66.715967],[69.502734,66.751074],[69.616406,66.739014],[69.800391,66.736475],[69.917578,66.71167],[70.07666,66.695898],[70.057617,66.627197],[70.057227,66.599463]]],[[[65.03624,69.268735],[65.326758,69.201367],[65.52793,69.173438],[65.735742,69.132324],[65.812695,69.077002],[66.084766,69.036328],[66.416113,68.947852],[66.756445,68.891992],[67.002441,68.873584],[67.149219,68.753955],[67.639648,68.579297],[67.730762,68.513672],[68.156934,68.403662],[68.371191,68.314258],[68.504199,68.348438],[68.829492,68.567432],[69.024316,68.817969],[69.140527,68.950635],[68.924414,68.956201],[68.762891,68.917383],[68.65957,68.927393],[68.542773,68.96709],[68.355078,69.067578],[68.117383,69.23623],[68.073047,69.420801],[68.005859,69.480029],[67.774316,69.52998],[67.624121,69.584424],[67.064453,69.693701],[66.964063,69.655566],[66.93418,69.59668],[66.89668,69.553809],[66.840234,69.60918],[66.804004,69.659229],[66.80293,69.740137],[66.832227,69.842187],[66.926367,70.014258],[67.069043,70.005615],[67.144434,70.030615],[67.239258,70.108057],[67.197461,70.171631],[67.146484,70.219922],[67.156836,70.295117],[67.246875,70.500098],[67.284766,70.738721],[67.211523,70.798438],[67.143359,70.837549],[66.822461,70.797363],[66.702246,70.818506],[66.675195,70.864697],[66.666113,70.900586],[66.758789,70.962354],[66.84707,71.063721],[66.692578,71.041699],[66.639648,71.081396],[66.768066,71.139893],[66.917578,71.282373],[67.274219,71.347852],[67.541797,71.412012],[67.959375,71.548389],[68.269238,71.682812],[68.469434,71.852637],[68.607422,72.012744],[68.829688,72.391553],[69.039062,72.669922],[69.391406,72.955518],[69.611816,72.981934],[69.694336,72.977539],[69.708984,72.956396],[69.658789,72.931836],[69.645117,72.897559],[69.738281,72.884961],[69.8875,72.882568],[70.172168,72.901172],[70.655371,72.890381],[71.500195,72.913672],[71.616992,72.9021],[71.92959,72.819678],[72.100977,72.829004],[72.446387,72.790332],[72.633789,72.744482],[72.812109,72.691406],[72.787402,72.482959],[72.75293,72.343164],[72.624414,72.079443],[72.574121,72.012549],[72.375,71.821631],[72.279492,71.695508],[72.129688,71.60918],[71.912012,71.547949],[71.884375,71.511377],[71.867285,71.457373],[72.079297,71.306689],[72.581348,71.151123],[72.704492,70.963232],[72.731641,70.822852],[72.7,70.457324],[72.65332,70.403418],[72.561914,70.345557],[72.469434,70.274951],[72.529688,70.17251],[72.599414,69.793213],[72.615625,69.484033],[72.557324,69.378418],[72.527051,69.154248],[72.527344,69.080518],[72.576758,68.968701],[72.67832,68.874854],[72.811914,68.815234],[73.190723,68.706787],[73.548047,68.574512],[73.573438,68.532617],[73.591699,68.481885],[73.465234,68.430762],[73.266406,68.294482],[73.139453,68.181348],[73.129395,68.090918],[73.173047,67.973047],[73.152148,67.865039],[73.066797,67.766943],[72.94873,67.69624],[72.594336,67.586963],[71.847461,67.007617],[71.668164,66.939697],[71.365234,66.961523],[71.448926,66.878955],[71.551172,66.760449],[71.539551,66.683105],[71.341992,66.686719],[71.065625,66.604492],[70.939453,66.548145],[70.724902,66.519434],[70.561426,66.548682],[70.382812,66.60249],[70.408887,66.647607],[70.442578,66.668262],[70.567969,66.700879],[70.690723,66.745312],[70.630762,66.754199],[70.579102,66.75376],[70.443945,66.697314],[70.283398,66.685791],[70.09375,66.754346],[69.948633,66.82998],[69.877148,66.845459],[69.74043,66.8146],[69.217773,66.828613],[69.078711,66.815918],[69.013477,66.78833],[69.051172,66.766357],[69.091113,66.723584],[69.143945,66.640723],[69.194336,66.578662],[69.412012,66.510742],[69.700977,66.48457],[69.982422,66.401416],[70.339453,66.342383],[71.145508,66.36665],[71.358008,66.359424],[71.565625,66.33374],[71.916992,66.246729],[72.067578,66.25332],[72.321582,66.332129],[72.383984,66.506543],[72.417383,66.560791],[73.341602,66.806836],[73.513574,66.861084],[73.79209,66.995312],[73.883301,67.084961],[73.98623,67.327686],[74.074512,67.414111],[74.676074,67.694629],[74.769531,67.766357],[74.787305,67.89751],[74.778223,67.985938],[74.742676,68.073535],[74.632422,68.218311],[74.51123,68.303076],[74.391406,68.420605],[74.480957,68.658887],[74.57959,68.751221],[75.124609,68.861719],[75.589551,68.901172],[76.10752,68.975732],[76.316016,68.991504],[76.45918,68.978271],[76.605762,68.897607],[76.735059,68.776904],[77.111719,68.596191],[77.238477,68.46958],[77.261035,68.315576],[77.248438,67.941016],[77.174414,67.778516],[77.325098,67.735645],[77.395605,67.698682],[77.579199,67.643945],[77.675098,67.5896],[77.771582,67.570264],[77.985547,67.55918],[78.589551,67.578467],[78.922461,67.589111],[78.887598,67.613135],[78.839063,67.631201],[78.559082,67.639111],[78.16123,67.678369],[77.588281,67.751904],[77.520117,67.909619],[77.535937,68.007666],[77.664844,68.190381],[77.756836,68.222363],[77.868262,68.234717],[77.995117,68.259473],[77.958691,68.377051],[77.906836,68.482275],[77.785254,68.630469],[77.650684,68.903027],[77.466309,68.905127],[77.32832,68.958643],[76.644922,69.117383],[76.000977,69.235059],[75.561133,69.251807],[75.42002,69.238623],[75.053516,69.116309],[74.814844,69.090576],[74.362598,69.14458],[73.977441,69.114648],[73.836035,69.143213],[73.775684,69.198242],[73.890918,69.417969],[73.832715,69.503906],[73.663281,69.61709],[73.560156,69.707227],[73.578125,69.802979],[73.830176,70.175684],[73.937402,70.272852],[74.206738,70.445459],[74.343359,70.578711],[74.310938,70.653613],[73.731543,71.068701],[73.576563,71.216504],[73.507227,71.263525],[73.365234,71.319775],[73.150488,71.385205],[73.08623,71.444922],[73.671777,71.845068],[73.939453,71.914746],[74.31123,71.957813],[74.489063,71.997021],[74.804102,72.077393],[74.992188,72.144824],[75.053223,72.199219],[75.089941,72.263135],[75.09707,72.420654],[75.060352,72.548779],[75.008008,72.619434],[74.896875,72.710107],[74.786816,72.811865],[74.864941,72.838428],[74.942188,72.853809],[75.152441,72.852734],[75.369336,72.796631],[75.474902,72.68501],[75.603516,72.581055],[75.603125,72.512158],[75.591406,72.457227],[75.644336,72.382275],[75.691113,72.35],[75.741406,72.29624],[75.694434,72.253516],[75.644336,72.232324],[75.550195,72.170801],[75.394531,71.983203],[75.273828,71.958936],[75.247461,71.813379],[75.503223,71.654639],[75.468555,71.534375],[75.417188,71.494678],[75.280273,71.430078],[75.298047,71.378467],[75.332031,71.341748],[75.733594,71.265918],[76.110449,71.218555],[76.741992,71.202051],[76.929004,71.127881],[76.995215,71.181055],[77.589648,71.16792],[78.068262,70.986328],[78.320605,70.93042],[78.525781,70.911816],[78.942187,70.933789],[79.01543,70.950195],[79.083887,71.002002],[78.888672,70.997168],[78.803516,70.973535],[78.723926,70.975977],[78.587695,70.993896],[78.491406,71.025391],[78.386523,71.087109],[78.212598,71.266309],[77.908398,71.324072],[77.706641,71.300586],[77.481055,71.311572],[77.113672,71.409375],[76.871191,71.446582],[76.433398,71.55249],[76.312109,71.595459],[76.215723,71.682861],[76.103613,71.829004],[76.032422,71.9104],[76.124023,71.926611],[76.42168,72.006006],[76.871387,72.033008],[77.061328,72.004199],[77.550781,71.84209],[77.777539,71.836426],[78.186914,71.90708],[78.232422,71.952295],[78.14082,72.044678],[78.016406,72.092041],[77.780664,72.114307],[77.492871,72.071729],[77.41084,72.107764],[77.439746,72.156543],[77.471582,72.192139],[77.625293,72.201416],[77.733203,72.229199],[77.968164,72.328711],[78.225391,72.377441],[78.482617,72.394971],[78.69683,72.180323],[79.418853,72.043406],[79.694908,72.057695],[80.217977,71.942482],[80.339107,71.889798],[80.036386,71.830758],[80.118759,71.67485],[79.868231,71.60165],[79.382679,71.614957],[79.333484,71.481115],[79.143108,71.421687],[79.244703,71.316732],[79.565201,71.277355],[79.954428,71.134108],[80.403186,71.091217],[80.55005,71.044449],[80.55191,70.900169],[80.679861,70.805394],[80.608031,70.71018],[80.752828,70.635224],[80.569067,70.460816],[80.176946,70.429552],[80.095091,70.353432],[79.63021,70.220701],[79.505256,70.11541],[79.208427,70.05283],[79.17122,69.978313],[78.912941,69.860904],[79.116442,69.73161],[79.585354,69.588285],[79.644472,69.491392],[79.854279,69.354527],[80.259835,69.355715],[80.734225,69.308121],[80.966872,69.209109],[81.323853,69.285642],[81.610657,69.286417],[81.625643,69.40951],[81.783153,69.428734],[81.929397,69.349307],[81.772198,69.232906],[81.893224,69.182677],[82.256923,69.156709],[82.496805,69.110511],[82.33268,69.062038],[82.480682,68.995143],[82.545897,68.840295],[83.015429,68.68387],[82.866601,68.627775],[82.535872,68.610748],[82.709608,68.414119],[82.680566,68.282757],[82.549618,68.179095],[82.394589,68.176614],[82.353558,67.943502],[82.059209,67.948463],[81.730547,67.907535],[81.881752,67.799273],[82.100343,67.724394],[82.109645,67.609],[82.386837,67.523605],[82.256096,67.409116],[82.352524,67.327984],[82.117293,67.243803],[82.795701,66.976584],[83.041784,66.891008],[83.16188,66.817989],[83.292828,66.663011],[83.078061,66.578882],[83.09098,66.459174],[83.262443,66.389436],[83.524649,66.172964],[83.380575,66.139529],[83.296136,66.05832],[83.521238,65.908329],[83.518138,65.822494],[84.030975,65.793039],[84.168331,65.70338],[84.319432,65.684415],[84.290907,65.613153],[84.429917,65.5514],[84.550219,65.433422],[84.585566,65.311104],[84.523348,65.21341],[84.388162,65.175247],[84.312818,65.098456],[84.386818,64.993863],[84.278918,64.940326],[84.470121,64.8902],[84.819764,64.930714],[84.967662,64.89144],[85.184393,64.750777],[85.61,64.827775],[85.858977,64.756358],[85.811951,64.656312],[85.916027,64.588487],[85.844507,64.501024],[85.950754,64.328529],[86.028062,64.279798],[85.934218,64.122753],[85.94817,64.053352],[85.533519,63.936718],[85.373115,63.808405],[85.333014,63.700789],[85.096749,63.534158],[85.276377,63.522376],[85.377869,63.466514],[85.410219,63.353188],[85.640592,63.374168],[85.46944,63.149195],[85.583955,63.053878],[85.518326,62.932567],[85.324332,62.869264],[85.225217,62.801232],[85.090031,62.637986],[84.95774,62.592872],[84.860898,62.451227],[84.745556,62.410351],[84.435704,62.177962],[84.289047,62.276225],[84.236957,62.37671],[84.09588,62.375108],[83.798224,62.560264],[83.532917,62.524814],[83.310708,62.457015],[83.033516,62.529517],[83.009952,62.594681],[82.741027,62.680154],[82.732656,62.757229],[82.287929,62.775083],[82.073471,62.800043],[81.83979,62.691936],[81.600425,62.773068],[81.349174,62.821153],[81.194972,62.949646],[81.074669,63.11744],[80.584157,63.082558],[80.574441,63.018996],[80.07318,62.826191],[79.91474,62.792033],[79.820069,62.603724],[78.793051,62.615093],[78.379433,62.567757],[77.966539,62.477996],[77.889024,62.557267],[77.326991,62.710436],[77.132171,62.812962],[77.026234,62.975019],[76.622641,63.03778],[76.289432,62.950008],[76.240236,63.018841],[75.802743,63.113977],[75.6997,63.09124],[75.363597,63.107828],[74.914528,63.032019],[74.507422,63.043232],[74.241081,63.17201],[73.36806,63.206943],[73.28393,63.315025],[73.103786,63.436257],[72.907002,63.393288],[72.655028,63.280169],[72.160795,63.299237],[71.963701,63.197073],[71.805468,63.218881],[71.60796,63.185239],[71.5691,63.551418],[71.387612,63.674615],[70.913842,63.692392],[70.813177,63.821712],[70.637684,63.903232],[70.569677,64.015421],[70.754782,64.100222],[70.768942,64.19355],[70.6721,64.236803],[70.472732,64.251608],[70.306851,64.343566],[69.999893,64.315894],[69.82533,64.341034],[69.693142,64.399997],[69.389594,64.388525],[69.244074,64.465833],[69.014837,64.471827],[68.859187,64.435705],[68.990446,64.329614],[68.810612,64.221248],[68.425002,64.295972],[68.178609,64.176161],[67.935626,64.117585],[67.809329,64.032009],[67.679104,64.079035],[67.280679,64.080611],[67.170918,64.162854],[66.818692,64.225615],[66.795851,64.321294],[66.891659,64.383461],[66.936307,64.487046],[66.681646,64.557455],[66.434012,64.515236],[66.146071,64.585929],[65.883452,64.568617],[65.399657,64.571356],[65.175898,64.445782],[64.995237,64.465885],[64.760833,64.426843],[64.622237,64.438677],[64.444263,64.356227],[64.016176,64.357442],[63.895666,64.287136],[63.611446,64.268481],[63.417142,64.323878],[63.502615,64.371136],[63.466648,64.450537],[63.214777,64.525958],[62.69915,64.492188],[62.532028,64.559987],[62.600448,64.645047],[62.802813,64.726282],[62.798989,64.847437],[62.678686,64.878056],[62.801469,65.05143],[62.816662,65.291571],[62.516526,65.338803],[62.373588,65.448874],[62.410589,65.515407],[62.278401,65.62292],[62.018468,65.717126],[62.504123,65.830917],[62.838573,65.869261],[62.807464,65.936596],[62.870199,66.079119],[63.065846,66.231927],[63.240616,66.31311],[63.305728,66.400237],[63.80854,66.547153],[63.969253,66.64632],[64.315589,66.667714],[64.566943,66.793649],[64.999165,66.865428],[65.11616,66.908319],[65.089805,67.054099],[65.190161,67.144997],[65.422188,67.215122],[65.707959,67.335012],[65.937195,67.393225],[66.110001,67.488775],[66.025872,67.576056],[65.836013,67.555153],[65.831155,67.642667],[66.205913,67.693026],[66.022358,67.794208],[66.08313,67.933631],[65.436554,67.919963],[65.289793,68.012335],[65.330101,68.084682],[65.27274,68.216405],[65.480479,68.430449],[65.654318,68.556177],[65.516652,68.588372],[65.32638,68.730017],[65.314908,68.803294],[65.064484,68.813991],[64.904287,68.871352],[64.554127,68.871404],[64.545136,69.032195],[64.989966,69.204717],[65.03624,69.268735]]],[[[76.250684,73.555273],[76.756055,73.445801],[76.659375,73.439502],[76.234473,73.476221],[76.083105,73.523486],[76.139551,73.554297],[76.250684,73.555273]]],[[[77.748535,72.631201],[78.279102,72.553223],[78.35293,72.504297],[78.365137,72.482422],[78.154492,72.416992],[78.007227,72.39248],[77.780859,72.308545],[77.63252,72.29126],[77.145605,72.281885],[76.905957,72.297656],[76.871094,72.317041],[76.903125,72.365576],[77.149512,72.439209],[77.260449,72.486133],[77.377832,72.565283],[77.578711,72.630859],[77.748535,72.631201]]],[[[74.408789,73.130469],[74.599902,73.121777],[74.725293,73.108154],[74.961523,73.0625],[74.742578,73.032715],[74.647266,72.969043],[74.660156,72.929297],[74.697168,72.907715],[74.660547,72.873437],[74.638379,72.86377],[74.588086,72.881152],[74.434766,72.907666],[74.180664,72.975342],[74.100195,73.021533],[74.142383,73.074365],[74.198535,73.109082],[74.408789,73.130469]]],[[[76.051562,73.549268],[75.900977,73.481494],[75.827148,73.459131],[75.503711,73.456641],[75.344336,73.432275],[75.375,73.477393],[75.569727,73.540625],[75.930176,73.573633],[76.039453,73.559912],[76.051562,73.549268]]],[[[66.457715,70.698779],[66.560938,70.541748],[66.568555,70.501465],[66.51582,70.514893],[66.448633,70.561035],[66.407617,70.615771],[66.394824,70.727295],[66.418164,70.757129],[66.440234,70.772656],[66.462891,70.769336],[66.457715,70.698779]]],[[[67.216113,69.575391],[67.328906,69.572119],[67.344922,69.529834],[67.263965,69.442529],[67.097852,69.447168],[67.047266,69.467041],[67.025879,69.483203],[67.216113,69.575391]]],[[[71.444922,73.34209],[71.589551,73.283154],[71.630469,73.224805],[71.626172,73.173975],[71.355664,73.162451],[70.886719,73.119629],[70.673926,73.09502],[70.380371,73.048096],[70.29834,73.044482],[70.118652,73.056299],[70.040723,73.037158],[69.920117,73.084521],[69.930371,73.126611],[69.985645,73.169238],[70.01875,73.224316],[69.995898,73.359375],[70.149609,73.444727],[70.35,73.477637],[70.940234,73.514404],[71.023242,73.504199],[71.141211,73.477979],[71.231641,73.447754],[71.351172,73.372217],[71.444922,73.34209]]]]}},{"type":"Feature","properties":{"name":"Komi"},"geometry":{"type":"Polygon","coordinates":[[[59.348657,61.682178],[59.113942,61.615154],[59.023302,61.552393],[58.691539,61.502732],[57.204395,61.510871],[57.085953,61.48803],[56.70241,61.524772],[56.5449,61.435088],[56.390801,61.420231],[56.257373,61.206342],[55.841067,61.249647],[55.690172,61.08622],[55.315621,61.123039],[55.213715,61.018963],[55.062097,61.00899],[54.979518,60.86383],[53.853488,60.980206],[53.791063,60.847759],[53.353984,60.893441],[53.348713,61.037257],[52.876494,61.093842],[52.789781,60.94889],[52.442308,60.979637],[52.354769,60.843909],[51.889784,60.875819],[51.774235,60.605603],[52.1338,60.546847],[52.138451,60.472847],[52.323866,60.432126],[52.297821,60.241595],[52.060936,60.316913],[51.900429,60.24423],[51.802244,60.115246],[51.521331,59.946212],[51.421079,59.943422],[51.307184,60.028016],[51.075363,60.060727],[50.830107,59.870764],[50.386413,59.8395],[50.211747,59.754105],[49.998633,59.776765],[50.040388,59.681887],[49.833992,59.638143],[49.794925,59.233077],[49.663667,59.208376],[49.527344,59.235144],[49.524864,59.39746],[49.363116,59.415805],[49.15145,59.505515],[49.038795,59.500477],[49.072592,59.659615],[48.562028,59.699354],[48.507561,59.715115],[48.492575,59.988716],[48.456092,60.115349],[48.497226,60.218288],[48.754678,60.361225],[48.51862,60.476464],[48.538361,60.564366],[48.418988,60.853805],[48.44648,60.984107],[48.509318,61.047747],[48.888727,61.14123],[49.097913,61.174974],[49.302242,61.176163],[49.461405,61.586112],[49.417273,61.618255],[49.096776,61.658097],[49.051611,61.690963],[49.212738,62.091146],[49.369421,62.149385],[49.608993,62.770226],[48.875084,62.829137],[48.714474,62.815546],[48.628588,62.705837],[48.366071,62.729298],[48.236777,62.472983],[48.290831,62.321623],[47.751122,62.321829],[47.649836,62.296663],[47.621001,62.185455],[47.413365,62.192793],[47.386286,62.320434],[47.234874,62.351492],[47.237665,62.63566],[47.082636,62.839627],[47.399515,62.954814],[47.515787,63.036773],[47.554648,63.148497],[47.366029,63.167204],[47.090904,63.246476],[46.936598,63.351921],[47.026205,63.530567],[46.969567,63.640147],[46.819189,63.746962],[46.43575,63.887729],[46.109878,63.945813],[45.883639,63.964313],[45.593011,64.063945],[45.442219,64.187504],[45.824521,64.283622],[46.322889,64.264708],[46.61145,64.326565],[48.115751,64.348114],[48.196159,64.238922],[48.408343,64.22422],[48.51831,64.355504],[48.840151,64.357312],[48.950015,64.490612],[49.45014,64.462991],[49.626666,64.591717],[50.273345,64.51291],[50.348379,64.537663],[50.467442,64.791601],[50.15976,64.847308],[50.063022,64.8902],[49.66315,65.25457],[49.567445,65.292087],[49.021329,65.238292],[48.989393,65.268523],[49.006032,66.119117],[51.510169,66.783262],[51.494563,66.907389],[51.810719,66.954208],[51.83573,66.995394],[52.245525,67.089135],[53.77246,66.998546],[58.789621,66.999683],[59.917718,67.001595],[60.082049,66.989865],[61.431734,66.999683],[61.694767,67.030017],[61.85052,67.126136],[62.821313,67.388032],[62.871233,67.579648],[63.160517,67.690881],[63.445254,67.770954],[63.689684,67.762066],[63.944242,67.88366],[63.829004,68.017244],[64.324787,68.134084],[64.530253,68.200127],[64.522811,68.343787],[64.745123,68.404455],[65.480479,68.430449],[65.27274,68.216405],[65.330101,68.084682],[65.289793,68.012335],[65.436554,67.919963],[66.08313,67.933631],[66.022358,67.794208],[66.205913,67.693026],[65.831155,67.642667],[65.836013,67.555153],[66.025872,67.576056],[66.110001,67.488775],[65.937195,67.393225],[65.707959,67.335012],[65.422188,67.215122],[65.190161,67.144997],[65.089805,67.054099],[65.11616,66.908319],[64.999165,66.865428],[64.566943,66.793649],[64.315589,66.667714],[63.969253,66.64632],[63.80854,66.547153],[63.305728,66.400237],[63.240616,66.31311],[63.065846,66.231927],[62.870199,66.079119],[62.807464,65.936596],[62.838573,65.869261],[62.504123,65.830917],[62.018468,65.717126],[61.881939,65.70183],[61.510592,65.500498],[61.263062,65.307384],[61.240531,65.191887],[61.106689,65.160829],[61.002819,65.060319],[60.830944,65.051378],[60.676534,64.912317],[60.304981,65.071429],[60.147368,65.064789],[59.888986,64.90131],[59.749873,64.85891],[59.647553,64.772429],[59.704087,64.667681],[59.484152,64.497252],[59.589262,64.467073],[59.633084,64.34367],[59.588435,64.232643],[59.838136,64.080068],[59.761448,63.995836],[59.584405,63.938268],[59.520946,63.790525],[59.493764,63.610536],[59.292226,63.34218],[59.32964,63.273864],[59.231661,63.089069],[59.278067,62.970239],[59.483119,62.892389],[59.394132,62.731417],[59.526527,62.541351],[59.643729,62.510267],[59.564871,62.335007],[59.507407,62.306791],[59.404054,62.108044],[59.485393,61.993271],[59.345143,61.856586],[59.388861,61.74419],[59.348657,61.682178]]]}},{"type":"Feature","properties":{"name":"Kirov"},"geometry":{"type":"Polygon","coordinates":[[[51.436478,56.144429],[51.224398,56.099909],[51.07309,56.130528],[50.837238,56.248376],[50.907828,56.295996],[50.851191,56.390253],[50.705567,56.329921],[50.586091,56.366534],[50.497414,56.511021],[50.34962,56.669513],[50.072014,56.622746],[50.101263,56.792399],[50.016927,56.863661],[49.741801,56.899525],[49.69984,57.073416],[49.529101,57.072615],[49.410866,57.025357],[49.284982,57.039103],[49.149693,57.150233],[49.213048,57.29149],[49.034764,57.288183],[49.039209,57.222451],[48.960557,57.089332],[48.822271,57.16354],[48.569366,57.172428],[48.451441,57.128348],[48.293001,57.163281],[48.202257,57.028147],[47.909769,56.982646],[47.769932,57.060135],[47.508966,56.893427],[47.174103,56.814129],[47.160977,56.90123],[46.950654,56.944638],[46.82291,56.930427],[46.714906,56.966342],[46.762552,57.030214],[46.742191,57.204622],[46.789837,57.28131],[46.695166,57.320455],[46.750149,57.517265],[47.054213,57.498299],[47.248724,57.567339],[47.471036,57.52853],[47.521162,57.586098],[47.572115,57.810425],[47.762284,57.876003],[47.703063,57.958375],[47.451502,57.987365],[47.354247,58.025502],[46.429859,58.02049],[46.341285,58.074647],[46.406915,58.20867],[46.423658,58.34693],[46.540963,58.397263],[46.554089,58.487696],[46.687311,58.566916],[46.947243,58.606552],[47.119946,58.775017],[47.259576,58.756311],[47.312906,58.806928],[47.2819,58.892995],[47.452432,58.921055],[47.60219,58.906689],[47.570874,59.059858],[47.239215,59.22021],[47.252444,59.355499],[47.056281,59.378546],[47.113538,59.611297],[47.112608,59.752684],[46.934944,59.78909],[46.922645,59.843893],[47.036437,60.099536],[46.608453,60.067316],[46.404124,60.106822],[46.34914,60.214361],[46.440814,60.271412],[46.749529,60.261128],[46.807097,60.318334],[46.862494,60.507315],[47.048839,60.575166],[46.959129,60.660225],[47.083772,60.818588],[47.042948,60.853805],[47.10372,60.956073],[47.244796,61.05617],[47.568497,61.059116],[47.965476,60.999352],[47.984183,60.89649],[48.418988,60.853805],[48.538361,60.564366],[48.51862,60.476464],[48.754678,60.361225],[48.497226,60.218288],[48.456092,60.115349],[48.492575,59.988716],[48.507561,59.715115],[48.562028,59.699354],[49.072592,59.659615],[49.038795,59.500477],[49.15145,59.505515],[49.363116,59.415805],[49.524864,59.39746],[49.527344,59.235144],[49.663667,59.208376],[49.794925,59.233077],[49.833992,59.638143],[50.040388,59.681887],[49.998633,59.776765],[50.211747,59.754105],[50.386413,59.8395],[50.830107,59.870764],[51.075363,60.060727],[51.307184,60.028016],[51.421079,59.943422],[51.521331,59.946212],[51.802244,60.115246],[51.900429,60.24423],[52.060936,60.316913],[52.297821,60.241595],[52.453781,60.200512],[53.358118,60.166457],[53.457234,60.204801],[53.607612,60.142738],[53.706521,60.001196],[53.657635,59.824359],[53.592109,59.7085],[53.418373,59.678476],[53.354294,59.500813],[53.205776,59.364],[53.334554,59.185173],[53.433669,59.143832],[53.876536,59.092802],[53.766569,59.021514],[53.726468,58.916818],[53.821346,58.821087],[53.922011,58.782821],[53.750136,58.696779],[53.70466,58.594977],[53.784552,58.439896],[53.498368,58.450334],[53.339515,58.388581],[53.165055,58.456174],[53.130018,58.537125],[52.921349,58.534309],[52.870086,58.410621],[52.328724,58.450334],[52.167183,58.489608],[51.971019,58.464132],[51.796146,58.361296],[51.791495,58.281146],[51.673466,58.166062],[51.766484,58.141464],[51.793252,58.043021],[51.884616,57.986383],[51.85175,57.842465],[51.92389,57.816859],[51.862085,57.647334],[51.748087,57.546152],[51.640083,57.544369],[51.600913,57.45701],[51.397204,57.478094],[51.181403,57.446571],[51.120425,57.265497],[51.193289,57.202814],[51.227499,57.067473],[51.35886,56.927327],[51.540451,56.882988],[51.400305,56.767078],[51.378601,56.6799],[51.205691,56.670288],[51.145333,56.51469],[51.272767,56.43994],[51.319896,56.32912],[51.420355,56.283593],[51.436478,56.144429]]]}},{"type":"Feature","properties":{"name":"Mariy-El"},"geometry":{"type":"Polygon","coordinates":[[[50.072014,56.622746],[50.179914,56.549468],[50.024575,56.459552],[49.885048,56.441775],[49.764539,56.535929],[49.577677,56.504717],[49.557937,56.441491],[49.275887,56.353201],[49.037038,56.357852],[49.015748,56.232692],[48.834673,56.071746],[48.690083,56.067715],[48.694113,55.964646],[48.401005,55.887752],[48.412373,55.829357],[48.285043,55.845946],[48.023973,55.936586],[47.905118,56.113836],[47.828947,56.145359],[47.529327,56.154299],[47.436722,56.188457],[47.384736,56.330076],[47.276629,56.335166],[47.05566,56.287727],[46.657959,56.119521],[46.402367,56.119211],[46.213955,56.049809],[46.092205,56.056372],[46.06771,56.18192],[45.87382,56.25884],[45.946064,56.324986],[45.948958,56.433222],[45.788658,56.424825],[45.662671,56.460921],[45.650992,56.59081],[45.858938,56.629128],[45.95857,56.872084],[46.312657,56.906966],[46.336014,56.95208],[46.601011,56.919963],[46.714906,56.966342],[46.82291,56.930427],[46.950654,56.944638],[47.160977,56.90123],[47.174103,56.814129],[47.508966,56.893427],[47.769932,57.060135],[47.909769,56.982646],[48.202257,57.028147],[48.293001,57.163281],[48.451441,57.128348],[48.569366,57.172428],[48.822271,57.16354],[48.960557,57.089332],[49.039209,57.222451],[49.034764,57.288183],[49.213048,57.29149],[49.149693,57.150233],[49.284982,57.039103],[49.410866,57.025357],[49.529101,57.072615],[49.69984,57.073416],[49.741801,56.899525],[50.016927,56.863661],[50.101263,56.792399],[50.072014,56.622746]]]}},{"type":"Feature","properties":{"name":"Sverdlovsk"},"geometry":{"type":"Polygon","coordinates":[[[59.485393,61.993271],[59.651894,61.936478],[59.779432,61.952343],[59.984277,61.902785],[59.987688,61.747084],[60.056624,61.721194],[60.430865,61.747084],[60.759423,61.703624],[61.165187,61.682747],[61.900232,61.433563],[61.933409,61.404108],[62.419684,61.305096],[62.620085,61.210734],[62.85976,61.001264],[62.759715,60.859438],[62.881154,60.639968],[63.090961,60.459617],[63.220048,60.300506],[63.197311,60.242008],[63.437503,60.158551],[63.589432,60.154985],[63.694438,60.001351],[63.795517,59.791596],[63.825076,59.477042],[63.980002,59.405522],[64.120975,59.390768],[64.32427,59.411206],[65.001645,59.33767],[65.184683,59.22331],[65.382294,58.919091],[65.668995,58.663293],[65.934508,58.614355],[66.001894,58.297475],[66.196611,58.032505],[65.702274,57.901272],[65.539597,57.779523],[65.427872,57.833938],[64.839278,57.64072],[64.93674,57.548581],[64.841655,57.446055],[64.917516,57.296348],[64.991827,57.221314],[64.993687,57.041531],[65.101381,56.892032],[65.227264,56.860354],[65.140345,56.770127],[64.995444,56.768267],[64.825842,56.841079],[64.542138,56.808419],[64.483951,56.760205],[64.336983,56.752712],[64.35662,56.652925],[64.219264,56.600835],[64.237454,56.519393],[64.173272,56.468388],[63.766475,56.507972],[63.447735,56.609723],[63.358541,56.563369],[63.097782,56.568899],[63.001147,56.597993],[62.590216,56.52363],[62.542157,56.577736],[62.332971,56.469163],[62.252562,56.36271],[62.08265,56.291035],[62.071798,56.133525],[61.863542,56.180705],[61.816103,56.23941],[61.641954,56.319405],[61.53705,56.297443],[61.384915,56.366999],[61.267299,56.331394],[61.150097,56.375784],[61.084158,56.32571],[61.150304,56.217034],[60.908975,56.188095],[60.750845,56.237343],[60.584757,56.21352],[60.314799,56.238221],[60.239559,56.209179],[59.920818,56.26468],[59.788733,56.23264],[59.701297,56.306072],[59.349174,56.317906],[59.194351,56.351806],[59.122107,56.317235],[59.134613,56.205975],[59.026299,56.169388],[58.943514,56.065674],[58.746523,56.062754],[58.543021,56.163084],[58.307687,56.104534],[58.07938,56.141018],[57.907194,56.11549],[57.802085,56.15063],[57.537191,56.100194],[57.410791,56.235379],[57.408414,56.32912],[57.317463,56.373355],[57.37286,56.551975],[57.357564,56.681243],[57.218658,56.853016],[57.323044,56.919885],[57.559619,56.888311],[57.824616,56.974249],[57.868954,57.057965],[58.029874,57.099357],[58.038556,57.236507],[57.937994,57.331953],[57.995148,57.477319],[58.268103,57.669788],[58.436464,57.675963],[58.457755,57.587596],[58.579815,57.594366],[58.829825,57.726244],[58.864139,57.82722],[58.755825,57.848356],[58.60462,57.995633],[58.67831,58.1071],[58.868479,58.205491],[58.970592,58.199807],[59.202516,58.304607],[59.280547,58.412817],[59.45604,58.492761],[59.388551,58.590119],[59.387621,58.703291],[59.186393,58.710732],[59.08273,58.769333],[59.06578,58.884132],[59.181225,58.952991],[59.091102,59.021979],[59.175334,59.146519],[59.003458,59.230649],[58.669525,59.293229],[58.508398,59.440041],[58.310891,59.46805],[58.403081,59.552283],[58.451037,59.705038],[58.581882,59.715839],[58.675106,59.859241],[58.805021,59.862806],[58.849049,59.925567],[58.988575,59.927764],[58.9616,60.004942],[59.18846,60.277871],[59.168513,60.373705],[59.23931,60.480236],[59.385347,60.573512],[59.467719,60.807865],[59.457591,60.952972],[59.372945,60.970491],[59.358475,61.142857],[59.261014,61.222181],[59.317238,61.377288],[59.405811,61.417931],[59.428445,61.506944],[59.348657,61.682178],[59.388861,61.74419],[59.345143,61.856586],[59.485393,61.993271]]]}},{"type":"Feature","properties":{"name":"Udmurt"},"geometry":{"type":"Polygon","coordinates":[[[53.631693,55.906691],[53.289078,55.85827],[53.276469,55.935346],[53.405454,56.022989],[53.563997,56.181067],[53.550871,56.241012],[53.427158,56.276539],[53.260346,56.253879],[53.335587,56.156521],[53.273059,56.084691],[52.958246,56.252226],[52.945017,56.366069],[53.080099,56.526602],[52.934475,56.538126],[52.90812,56.415885],[52.733247,56.37842],[52.561991,56.259435],[52.711233,56.230367],[52.839183,56.163084],[52.794225,56.094768],[52.655319,56.017821],[52.472694,56.074407],[52.439311,56.033376],[52.195398,56.077146],[52.242011,55.964543],[52.16801,55.8985],[52.06445,55.896123],[51.937533,55.973716],[51.828599,55.917982],[51.632642,55.952296],[51.441853,55.924649],[51.399065,55.993637],[51.500557,56.082365],[51.436478,56.144429],[51.420355,56.283593],[51.319896,56.32912],[51.272767,56.43994],[51.145333,56.51469],[51.205691,56.670288],[51.378601,56.6799],[51.400305,56.767078],[51.540451,56.882988],[51.35886,56.927327],[51.227499,57.067473],[51.193289,57.202814],[51.120425,57.265497],[51.181403,57.446571],[51.397204,57.478094],[51.600913,57.45701],[51.640083,57.544369],[51.748087,57.546152],[51.862085,57.647334],[51.92389,57.816859],[51.85175,57.842465],[51.884616,57.986383],[51.793252,58.043021],[51.766484,58.141464],[51.673466,58.166062],[51.791495,58.281146],[51.796146,58.361296],[51.971019,58.464132],[52.167183,58.489608],[52.328724,58.450334],[52.870086,58.410621],[52.921349,58.534309],[53.130018,58.537125],[53.165055,58.456174],[53.339515,58.388581],[53.498368,58.450334],[53.784552,58.439896],[53.886045,58.319102],[53.810184,58.228126],[54.087169,57.994238],[54.156312,57.706245],[54.095954,57.60744],[54.168405,57.558864],[54.188455,57.462746],[54.158173,57.314254],[54.314339,57.290509],[54.294702,57.083596],[54.341107,57.011869],[54.098641,56.965929],[54.088409,56.77116],[53.869095,56.713154],[53.959115,56.631582],[54.168301,56.534482],[54.244989,56.431853],[54.352476,56.358524],[54.345758,56.252587],[54.117245,56.158226],[54.046758,56.057974],[53.837779,56.038647],[53.777421,55.970227],[53.631693,55.906691]]]}},{"type":"Feature","properties":{"name":"Astrakhan'"},"geometry":{"type":"MultiPolygon","coordinates":[[[[47.987109,45.554053],[47.983008,45.488232],[47.967676,45.469971],[47.920313,45.562061],[47.917578,45.618164],[47.947168,45.64707],[47.987109,45.554053]]],[[[46.643564,48.659068],[46.609228,48.573883],[46.660904,48.412239],[46.85314,48.323588],[47.004346,48.284469],[47.0646,48.232457],[47.119016,48.126985],[47.111574,48.020118],[47.093281,47.94772],[47.130798,47.876768],[47.20206,47.792458],[47.292338,47.740936],[47.387268,47.768661],[47.481939,47.803904],[47.600175,47.790003],[47.934677,47.760703],[48.109963,47.745406],[48.167014,47.708768],[48.275689,47.589964],[48.413097,47.456483],[48.55252,47.320988],[48.600682,47.262309],[48.714319,47.100485],[48.831883,46.954938],[48.959317,46.774587],[48.950325,46.725779],[48.883611,46.705418],[48.776382,46.710327],[48.693597,46.736837],[48.647088,46.758697],[48.605333,46.765931],[48.558359,46.757146],[48.518517,46.734305],[48.502394,46.698649],[48.509215,46.649969],[48.541151,46.605631],[48.586006,46.577106],[48.610139,46.56646],[48.774315,46.507937],[48.958955,46.442127],[49.184264,46.348851],[49.232227,46.337158],[49.245898,46.291602],[49.125488,46.281738],[49.110645,46.228467],[49.07959,46.189209],[48.809961,46.100488],[48.742578,46.100732],[48.683691,46.086182],[48.687305,46.02876],[48.703418,45.976221],[48.749609,45.920557],[48.72959,45.896826],[48.689648,45.888867],[48.637402,45.905762],[48.589063,45.934863],[48.537305,45.942139],[48.487012,45.934863],[48.257617,45.777783],[48.15918,45.737012],[48.052832,45.720996],[47.830176,45.663037],[47.763965,45.665967],[47.701074,45.686182],[47.649805,45.656738],[47.633301,45.584033],[47.574023,45.634277],[47.508398,45.67417],[47.479395,45.687598],[47.463281,45.679688],[47.524219,45.601709],[47.528354,45.545652],[47.470002,45.634838],[47.35404,45.684499],[47.296059,45.646258],[46.922232,45.577658],[46.906212,45.63675],[47.040158,45.965722],[47.169969,46.078376],[47.089043,46.118167],[46.845544,46.075534],[46.856293,46.244154],[46.504376,46.273817],[46.531145,46.337689],[46.663643,46.429001],[46.939699,46.431585],[46.930087,46.555557],[47.021967,46.63519],[47.149505,46.668263],[47.21348,46.742315],[47.12594,46.850681],[46.987861,46.86329],[46.912,46.979613],[46.800896,47.003643],[46.725758,47.089452],[46.511301,47.406435],[46.526494,47.434754],[46.788183,47.556632],[46.68452,47.627998],[46.449393,47.478136],[46.29705,47.437001],[46.116286,47.502424],[45.843331,47.719258],[45.707009,47.908394],[45.741012,48.00012],[45.67683,48.032314],[45.546915,47.997071],[45.404908,48.09169],[45.300625,48.097685],[45.149524,48.23827],[44.987363,48.268165],[45.04152,48.394566],[45.171744,48.438956],[45.374936,48.464071],[45.301142,48.558018],[45.60872,48.592848],[45.759512,48.665815],[45.948338,48.835934],[46.057478,48.868904],[46.297981,48.839991],[46.643564,48.659068]]]]}},{"type":"Feature","properties":{"name":"Chuvash"},"geometry":{"type":"Polygon","coordinates":[[[48.412373,55.829357],[48.205358,55.693552],[48.025007,55.630455],[48.100765,55.545447],[47.973847,55.499507],[47.834114,55.3421],[47.702546,55.327941],[47.762594,55.214149],[47.913179,55.316159],[48.016635,55.276265],[48.07472,55.108368],[47.996275,54.968247],[47.803108,54.944812],[47.728798,54.83133],[47.487159,54.857582],[47.378535,54.832416],[47.37037,54.752576],[47.241902,54.677722],[47.062998,54.690202],[46.869109,54.631704],[46.441331,54.772161],[46.414666,54.895358],[46.055721,55.042119],[46.097889,55.204176],[46.228631,55.273267],[46.253539,55.385405],[46.384074,55.463075],[46.243824,55.523691],[46.139747,55.523795],[46.048487,55.616657],[45.920123,55.688048],[46.093755,55.807963],[46.09882,55.940772],[46.213955,56.049809],[46.402367,56.119211],[46.657959,56.119521],[47.05566,56.287727],[47.276629,56.335166],[47.384736,56.330076],[47.436722,56.188457],[47.529327,56.154299],[47.828947,56.145359],[47.905118,56.113836],[48.023973,55.936586],[48.285043,55.845946],[48.412373,55.829357]]]}},{"type":"Feature","properties":{"name":"Kalmyk"},"geometry":{"type":"Polygon","coordinates":[[[47.528354,45.545652],[47.529492,45.530225],[47.514551,45.490918],[47.488672,45.455078],[47.454492,45.433057],[47.413086,45.421045],[47.391113,45.294775],[47.35127,45.217725],[47.296191,45.149463],[47.221484,45.024268],[47.161523,44.969629],[47.114746,44.905957],[47.083789,44.816992],[47.039258,44.837891],[47.00293,44.876074],[46.983691,44.825586],[46.957422,44.782568],[46.891376,44.746021],[46.603492,44.885323],[46.433683,44.93656],[45.853667,45.000509],[45.705975,44.975782],[45.711866,45.013687],[45.586189,45.158303],[45.352509,45.243389],[44.706346,45.506008],[44.420989,45.52673],[44.207152,45.610007],[44.148241,45.652511],[44.096978,45.773899],[43.87756,45.94549],[43.742271,45.978899],[43.568328,45.981018],[43.392525,46.016003],[43.237289,46.112431],[42.991412,46.179559],[42.905423,46.240279],[42.834626,46.155788],[42.671225,46.088402],[42.533456,45.997658],[42.317448,45.980811],[42.339669,46.107108],[42.177405,46.099099],[42.149707,45.948979],[41.712627,45.996004],[41.655783,46.105274],[41.72596,46.213562],[41.840061,46.152945],[41.914992,46.184649],[41.994987,46.301308],[42.2019,46.314486],[42.099581,46.407142],[42.034262,46.543258],[42.180919,46.577881],[42.409329,46.524938],[42.596811,46.410863],[42.787187,46.389417],[42.911831,46.435047],[43.080192,46.359755],[43.355628,46.17235],[43.55944,46.168862],[43.646049,46.215732],[43.785886,46.407452],[43.918384,46.415979],[43.927686,46.521037],[43.817098,46.588733],[43.930373,46.72273],[44.262446,46.900135],[44.327558,47.110768],[44.333966,47.475242],[44.228443,47.574642],[44.116822,47.533481],[44.109587,47.413695],[43.953317,47.364861],[43.939158,47.268898],[43.802319,47.282541],[43.799218,47.370649],[43.731522,47.476611],[43.633647,47.570378],[43.705167,47.683136],[43.822059,47.749747],[43.951457,47.756052],[44.032279,47.8161],[44.082509,47.909014],[44.389053,47.868267],[44.466878,47.990249],[44.447654,48.049677],[44.314122,48.094119],[44.305854,48.255065],[44.540155,48.196903],[44.546666,48.063061],[44.662318,48.089261],[44.765981,48.058824],[44.933206,48.13546],[44.962558,48.208686],[45.136915,48.111844],[45.300625,48.097685],[45.404908,48.09169],[45.546915,47.997071],[45.67683,48.032314],[45.741012,48.00012],[45.707009,47.908394],[45.843331,47.719258],[46.116286,47.502424],[46.29705,47.437001],[46.449393,47.478136],[46.68452,47.627998],[46.788183,47.556632],[46.526494,47.434754],[46.511301,47.406435],[46.725758,47.089452],[46.800896,47.003643],[46.912,46.979613],[46.987861,46.86329],[47.12594,46.850681],[47.21348,46.742315],[47.149505,46.668263],[47.021967,46.63519],[46.930087,46.555557],[46.939699,46.431585],[46.663643,46.429001],[46.531145,46.337689],[46.504376,46.273817],[46.856293,46.244154],[46.845544,46.075534],[47.089043,46.118167],[47.169969,46.078376],[47.040158,45.965722],[46.906212,45.63675],[46.922232,45.577658],[47.296059,45.646258],[47.35404,45.684499],[47.470002,45.634838],[47.528354,45.545652]]]}},{"type":"Feature","properties":{"name":"Samara"},"geometry":{"type":"Polygon","coordinates":[[[48.436971,52.780448],[48.539704,52.830264],[48.592518,52.919406],[48.521721,52.978214],[48.390256,52.97041],[48.221584,52.998936],[48.148514,53.058674],[48.143553,53.161872],[48.034515,53.314627],[47.948526,53.358681],[48.05684,53.476064],[48.37558,53.471181],[48.331345,53.624479],[48.456402,53.66582],[48.491128,53.770517],[48.874257,53.716437],[49.029287,53.857178],[49.299244,53.83997],[49.413656,53.86834],[49.624496,53.814623],[49.826861,53.88715],[49.957189,53.906787],[49.9791,53.96575],[50.197381,54.038149],[50.256189,54.304903],[50.205649,54.418074],[50.118729,54.437039],[50.077491,54.516466],[50.384243,54.48577],[50.519428,54.329759],[50.696885,54.426652],[50.948033,54.347587],[51.003843,54.539229],[51.092933,54.553518],[51.168794,54.637285],[51.296022,54.641626],[51.391313,54.601474],[51.513476,54.639301],[51.667575,54.567109],[51.935983,54.527628],[51.932675,54.436316],[52.099487,54.388463],[52.222684,54.444584],[52.481996,54.467167],[52.53853,54.37725],[52.505664,54.322473],[52.271466,54.326555],[52.339266,54.174187],[52.476415,54.077113],[52.37792,53.965905],[52.412543,53.927355],[52.253483,53.654348],[52.07923,53.501205],[52.192608,53.375166],[52.143102,53.296902],[52.128426,53.173861],[52.068998,53.153913],[52.060936,52.999659],[51.862085,52.926072],[51.715118,52.840289],[51.771652,52.783187],[51.732274,52.668413],[51.545206,52.681384],[51.471412,52.569143],[51.562672,52.44729],[51.412914,52.350035],[51.452601,52.219345],[51.415188,52.102711],[50.793934,51.729194],[50.716212,51.840712],[50.731508,51.914041],[50.517361,51.9914],[50.235931,52.035119],[50.221462,52.129893],[49.976929,52.183637],[49.812288,52.193094],[49.627803,52.366416],[49.477735,52.331431],[49.343686,52.468684],[49.159201,52.485841],[48.936062,52.475169],[48.73008,52.567954],[48.699694,52.639165],[48.523891,52.681849],[48.351189,52.669395],[48.436971,52.780448]]]}},{"type":"Feature","properties":{"name":"Orenburg"},"geometry":{"type":"Polygon","coordinates":[[[60.064415,51.975119],[60.030321,51.933264],[60.067476,51.890631],[60.280383,51.834614],[60.387508,51.773016],[60.418307,51.703924],[60.464764,51.651163],[60.630336,51.616953],[60.973571,51.537061],[60.993311,51.52869],[61.014808,51.492361],[61.363108,51.441873],[61.411373,51.414743],[61.554724,51.324594],[61.585058,51.22969],[61.512194,51.137034],[61.465013,50.990221],[61.389411,50.86103],[61.226888,50.774782],[60.942306,50.695511],[60.637984,50.66373],[60.508483,50.669181],[60.424767,50.679129],[60.288031,50.704141],[60.186745,50.76977],[60.112124,50.834158],[60.058588,50.850281],[60.005258,50.839688],[59.955183,50.799277],[59.887797,50.690188],[59.812401,50.582029],[59.751216,50.543944],[59.523013,50.492861],[59.497795,50.511077],[59.523943,50.582804],[59.495108,50.604302],[59.45232,50.620425],[59.170838,50.647917],[59.064333,50.6682],[58.984855,50.676132],[58.883672,50.694451],[58.814012,50.737213],[58.664564,50.868317],[58.547465,50.971049],[58.359157,51.063834],[58.188418,51.08174],[58.174723,51.072258],[58.045171,51.068873],[57.838827,51.091662],[57.828905,51.089027],[57.764878,51.046884],[57.717025,50.980945],[57.653773,50.925135],[57.557862,50.89555],[57.44221,50.888884],[57.312502,50.946555],[57.179022,51.036058],[57.011745,51.065204],[56.849636,51.045541],[56.790363,51.031614],[56.620245,50.980868],[56.566915,51.00451],[56.491467,51.019522],[56.325637,50.936064],[56.143995,50.844649],[56.104514,50.776281],[56.049685,50.713546],[55.929227,50.653756],[55.797659,50.602028],[55.686245,50.582856],[55.542274,50.601795],[55.361097,50.665306],[55.195215,50.744707],[55.014813,50.869763],[54.868,50.941361],[54.72713,50.998076],[54.641657,51.011564],[54.572928,50.990221],[54.546056,50.946038],[54.56559,50.91126],[54.606259,50.879892],[54.637937,50.781061],[54.649977,50.660164],[54.63618,50.591615],[54.596182,50.550662],[54.555254,50.535779],[54.517427,50.541153],[54.471435,50.583812],[54.443323,50.67391],[54.421516,50.780312],[54.297906,50.91405],[54.191142,50.995725],[54.139776,51.040761],[54.041487,51.115175],[53.956841,51.161167],[53.776491,51.213722],[53.688124,51.251807],[53.534645,51.399576],[53.448655,51.444509],[53.338119,51.482362],[53.247272,51.493601],[53.227377,51.484971],[53.038344,51.463732],[52.902642,51.466936],[52.820477,51.494583],[52.728131,51.498149],[52.635113,51.479545],[52.617802,51.480786],[52.571189,51.481638],[52.496207,51.512153],[52.423085,51.594215],[52.330997,51.68129],[52.21917,51.70935],[52.007141,51.672712],[51.775424,51.55427],[51.609078,51.48399],[51.473479,51.482026],[51.395964,51.471277],[51.344546,51.47536],[51.301086,51.497425],[51.290751,51.540188],[51.269925,51.594474],[51.16342,51.647442],[51.017899,51.681652],[50.882455,51.719169],[50.793934,51.729194],[51.415188,52.102711],[51.452601,52.219345],[51.412914,52.350035],[51.562672,52.44729],[51.471412,52.569143],[51.545206,52.681384],[51.732274,52.668413],[51.771652,52.783187],[51.715118,52.840289],[51.862085,52.926072],[52.060936,52.999659],[52.068998,53.153913],[52.128426,53.173861],[52.143102,53.296902],[52.192608,53.375166],[52.07923,53.501205],[52.253483,53.654348],[52.412543,53.927355],[52.37792,53.965905],[52.476415,54.077113],[52.339266,54.174187],[52.271466,54.326555],[52.505664,54.322473],[52.53853,54.37725],[52.771074,54.346967],[53.000931,54.271003],[52.951218,54.195762],[53.141387,54.076183],[53.258486,54.071351],[53.384473,53.97376],[53.470463,54.045745],[53.59831,53.883275],[53.655774,53.75243],[53.877983,53.658017],[54.108357,53.416559],[54.247159,53.375347],[54.30235,53.410487],[54.519598,53.359792],[54.558975,53.269695],[54.664085,53.235511],[54.801648,53.270754],[54.926601,53.219543],[54.955023,53.110454],[55.161832,52.823184],[55.263945,52.862458],[55.406675,52.837111],[55.411636,52.657613],[55.544858,52.541651],[55.545581,52.384942],[55.777609,52.343627],[55.889126,52.399076],[55.919202,52.49876],[56.077642,52.603611],[56.36517,52.523099],[56.444648,52.419591],[56.451366,52.308823],[56.193914,52.189011],[56.217168,52.132322],[56.495394,52.161519],[56.627479,52.117775],[56.68484,52.045299],[56.607636,51.829498],[56.748195,51.773403],[56.714606,51.720978],[56.780131,51.5922],[56.889685,51.624756],[56.875836,51.699015],[56.99924,51.728445],[57.035516,51.659689],[57.206669,51.575147],[57.37441,51.638605],[57.431565,51.725809],[57.620907,51.75896],[57.652636,51.86332],[57.783998,51.826191],[57.881873,51.845983],[57.981298,51.786245],[58.091679,51.794565],[58.235857,51.738393],[58.493722,51.762112],[58.576404,51.793066],[58.638933,52.016438],[58.694227,52.048761],[58.606067,52.180536],[58.690506,52.265286],[58.857007,52.263218],[58.827965,52.432717],[59.175024,52.277378],[59.248611,52.486848],[59.397543,52.49522],[59.508647,52.435404],[59.781292,52.491835],[59.945623,52.428273],[60.148608,52.420522],[60.139616,52.267301],[59.975492,52.181828],[59.913687,52.100438],[60.064415,51.975119]]]}},{"type":"Feature","properties":{"name":"Saratov"},"geometry":{"type":"Polygon","coordinates":[[[50.793934,51.729194],[50.756158,51.675141],[50.643917,51.589177],[50.516328,51.505616],[50.353702,51.369733],[50.309312,51.321571],[50.246887,51.289505],[50.10488,51.254598],[49.932332,51.19716],[49.82221,51.131892],[49.666302,51.102307],[49.497992,51.083601],[49.424611,51.027015],[49.379498,50.934669],[49.323429,50.851728],[49.058691,50.726077],[48.913738,50.644558],[48.808422,50.601304],[48.734731,50.606885],[48.655149,50.619856],[48.625125,50.612673],[48.666001,50.550351],[48.700521,50.353774],[48.749459,50.228459],[48.784806,50.156422],[48.81793,50.099836],[48.843252,50.013123],[48.810282,49.962377],[48.759019,49.928322],[48.599959,49.874682],[48.434284,49.828535],[48.334962,49.858249],[48.224788,49.93194],[48.18138,49.970025],[48.060715,50.093583],[47.849669,50.282306],[47.70575,50.377959],[47.599658,50.413564],[47.503592,50.402712],[47.446631,50.368456],[47.277352,50.371732],[47.184025,50.511904],[47.007705,50.480175],[46.877687,50.523945],[46.830455,50.632517],[46.707568,50.690886],[46.583441,50.70073],[46.483189,50.616756],[46.460761,50.546941],[46.29457,50.567353],[46.254779,50.52888],[46.065333,50.543685],[46.068434,50.652309],[45.88953,50.758556],[45.810672,50.773594],[45.678173,50.729462],[45.667631,50.593605],[45.495136,50.61257],[45.241094,50.586267],[45.191278,50.697371],[45.292564,50.781087],[45.308067,50.876843],[45.215049,50.942059],[45.20182,51.039624],[45.04245,51.126259],[44.659631,51.172639],[44.210253,51.193516],[44.181831,51.11657],[44.004477,51.08727],[43.864434,51.11303],[43.682326,51.112953],[43.642225,51.066082],[43.32979,51.017661],[43.141584,51.121996],[42.872867,51.231343],[42.860878,51.381412],[42.734064,51.479003],[42.489221,51.607703],[42.490358,51.692788],[42.64332,51.804022],[42.694066,51.966079],[42.805997,52.012226],[42.751324,52.077752],[42.75153,52.173767],[42.996477,52.364659],[43.079572,52.402745],[43.19295,52.462328],[43.352734,52.392513],[43.532051,52.426309],[43.747025,52.433441],[44.043958,52.349518],[44.346679,52.316135],[44.421919,52.415819],[44.539122,52.432149],[44.500261,52.521213],[44.872538,52.434009],[44.909642,52.377527],[45.071906,52.376855],[45.139912,52.420522],[45.264349,52.392255],[45.43147,52.400497],[45.528002,52.48075],[45.644377,52.518552],[45.717034,52.470803],[45.980584,52.407163],[45.971489,52.485634],[46.146775,52.591364],[46.276276,52.618597],[46.288782,52.671876],[46.516158,52.695027],[46.713046,52.627899],[46.830661,52.616272],[46.917271,52.636684],[47.061862,52.570176],[47.435379,52.569763],[47.530774,52.610536],[47.730761,52.586713],[47.777477,52.680299],[47.917313,52.67477],[47.997825,52.754351],[48.252177,52.81011],[48.436971,52.780448],[48.351189,52.669395],[48.523891,52.681849],[48.699694,52.639165],[48.73008,52.567954],[48.936062,52.475169],[49.159201,52.485841],[49.343686,52.468684],[49.477735,52.331431],[49.627803,52.366416],[49.812288,52.193094],[49.976929,52.183637],[50.221462,52.129893],[50.235931,52.035119],[50.517361,51.9914],[50.731508,51.914041],[50.716212,51.840712],[50.793934,51.729194]]]}},{"type":"Feature","properties":{"name":"Tatarstan"},"geometry":{"type":"Polygon","coordinates":[[[50.072014,56.622746],[50.34962,56.669513],[50.497414,56.511021],[50.586091,56.366534],[50.705567,56.329921],[50.851191,56.390253],[50.907828,56.295996],[50.837238,56.248376],[51.07309,56.130528],[51.224398,56.099909],[51.436478,56.144429],[51.500557,56.082365],[51.399065,55.993637],[51.441853,55.924649],[51.632642,55.952296],[51.828599,55.917982],[51.937533,55.973716],[52.06445,55.896123],[52.16801,55.8985],[52.242011,55.964543],[52.195398,56.077146],[52.439311,56.033376],[52.472694,56.074407],[52.655319,56.017821],[52.794225,56.094768],[52.839183,56.163084],[52.711233,56.230367],[52.561991,56.259435],[52.733247,56.37842],[52.90812,56.415885],[52.934475,56.538126],[53.080099,56.526602],[52.945017,56.366069],[52.958246,56.252226],[53.273059,56.084691],[53.335587,56.156521],[53.260346,56.253879],[53.427158,56.276539],[53.550871,56.241012],[53.563997,56.181067],[53.405454,56.022989],[53.276469,55.935346],[53.289078,55.85827],[53.631693,55.906691],[53.759437,55.866203],[53.976375,55.852663],[54.176776,55.707039],[54.174502,55.623582],[53.996942,55.54431],[53.891005,55.381168],[53.722747,55.337656],[53.591386,55.211927],[53.418373,55.222004],[53.326906,55.166452],[53.146762,55.146557],[53.141077,55.098911],[53.269235,55.011965],[53.421887,54.982174],[53.578673,54.822184],[53.606888,54.728133],[53.515008,54.615504],[53.414135,54.551503],[53.425918,54.498793],[53.347783,54.38159],[53.470463,54.045745],[53.384473,53.97376],[53.258486,54.071351],[53.141387,54.076183],[52.951218,54.195762],[53.000931,54.271003],[52.771074,54.346967],[52.53853,54.37725],[52.481996,54.467167],[52.222684,54.444584],[52.099487,54.388463],[51.932675,54.436316],[51.935983,54.527628],[51.667575,54.567109],[51.513476,54.639301],[51.391313,54.601474],[51.296022,54.641626],[51.168794,54.637285],[51.092933,54.553518],[51.003843,54.539229],[50.948033,54.347587],[50.696885,54.426652],[50.519428,54.329759],[50.384243,54.48577],[50.077491,54.516466],[49.975172,54.509541],[49.746349,54.57424],[49.615504,54.562045],[49.475771,54.775417],[49.291183,54.883834],[49.117757,54.795493],[49.014404,54.79278],[48.827542,54.647827],[48.640577,54.659558],[48.469631,54.634185],[48.2899,54.73808],[48.085675,54.76627],[47.849514,54.704103],[47.753602,54.731285],[47.637434,54.565404],[47.366132,54.526801],[47.35094,54.59274],[47.241902,54.677722],[47.37037,54.752576],[47.378535,54.832416],[47.487159,54.857582],[47.728798,54.83133],[47.803108,54.944812],[47.996275,54.968247],[48.07472,55.108368],[48.016635,55.276265],[47.913179,55.316159],[47.762594,55.214149],[47.702546,55.327941],[47.834114,55.3421],[47.973847,55.499507],[48.100765,55.545447],[48.025007,55.630455],[48.205358,55.693552],[48.412373,55.829357],[48.401005,55.887752],[48.694113,55.964646],[48.690083,56.067715],[48.834673,56.071746],[49.015748,56.232692],[49.037038,56.357852],[49.275887,56.353201],[49.557937,56.441491],[49.577677,56.504717],[49.764539,56.535929],[49.885048,56.441775],[50.024575,56.459552],[50.179914,56.549468],[50.072014,56.622746]]]}},{"type":"Feature","properties":{"name":"Ul'yanovsk"},"geometry":{"type":"Polygon","coordinates":[[[50.077491,54.516466],[50.118729,54.437039],[50.205649,54.418074],[50.256189,54.304903],[50.197381,54.038149],[49.9791,53.96575],[49.957189,53.906787],[49.826861,53.88715],[49.624496,53.814623],[49.413656,53.86834],[49.299244,53.83997],[49.029287,53.857178],[48.874257,53.716437],[48.491128,53.770517],[48.456402,53.66582],[48.331345,53.624479],[48.37558,53.471181],[48.05684,53.476064],[47.948526,53.358681],[48.034515,53.314627],[48.143553,53.161872],[48.148514,53.058674],[48.221584,52.998936],[48.390256,52.97041],[48.521721,52.978214],[48.592518,52.919406],[48.539704,52.830264],[48.436971,52.780448],[48.252177,52.81011],[47.997825,52.754351],[47.917313,52.67477],[47.777477,52.680299],[47.730761,52.586713],[47.530774,52.610536],[47.435379,52.569763],[47.061862,52.570176],[46.917271,52.636684],[46.830661,52.616272],[46.852055,52.726033],[46.98321,52.771275],[46.935254,52.909768],[46.91262,53.079189],[46.954478,53.191095],[46.905902,53.335324],[46.794798,53.408497],[46.493628,53.510894],[46.468306,53.654296],[46.192561,53.850253],[46.211991,53.908699],[45.957226,54.005386],[45.791552,54.003887],[45.879091,54.031276],[46.018308,54.189406],[46.379423,54.230514],[46.48815,54.284361],[46.71904,54.329552],[46.733716,54.384484],[46.543134,54.406343],[46.481845,54.499309],[46.533315,54.552588],[46.515642,54.653357],[46.444122,54.687877],[46.441331,54.772161],[46.869109,54.631704],[47.062998,54.690202],[47.241902,54.677722],[47.35094,54.59274],[47.366132,54.526801],[47.637434,54.565404],[47.753602,54.731285],[47.849514,54.704103],[48.085675,54.76627],[48.2899,54.73808],[48.469631,54.634185],[48.640577,54.659558],[48.827542,54.647827],[49.014404,54.79278],[49.117757,54.795493],[49.291183,54.883834],[49.475771,54.775417],[49.615504,54.562045],[49.746349,54.57424],[49.975172,54.509541],[50.077491,54.516466]]]}},{"type":"Feature","properties":{"name":"Khanty-Mansiy"},"geometry":{"type":"Polygon","coordinates":[[[84.259591,60.855511],[83.997178,60.826107],[83.61622,60.981782],[83.503565,61.04723],[83.144207,61.028213],[82.407404,60.723012],[82.362446,60.600642],[82.138997,60.531964],[81.830385,60.644722],[81.497692,60.615474],[81.140505,60.636661],[81.017205,60.757248],[80.723476,60.796625],[80.413934,60.760633],[80.165371,60.663584],[79.853348,60.691903],[79.502569,60.68658],[79.359528,60.663584],[79.284598,60.725596],[79.31364,60.79231],[79.168532,60.836597],[78.806487,60.77983],[78.674919,60.827967],[78.474415,60.777479],[78.164149,60.803137],[77.941114,60.74916],[77.702265,60.825176],[77.407503,60.811069],[77.136098,60.856131],[77.067575,60.726319],[76.97032,60.649115],[77.053519,60.577543],[77.012695,60.52721],[76.779634,60.451814],[76.749352,60.346911],[76.84795,60.266141],[76.698606,60.117261],[76.757517,60.056722],[76.741497,59.7578],[76.656334,59.692739],[76.645482,59.585097],[76.44012,59.544583],[76.171713,59.542774],[76.007175,59.428414],[75.89514,59.426399],[75.843361,59.323253],[75.628387,59.23778],[75.686884,59.040066],[75.641616,58.982395],[75.373208,58.785869],[75.159475,58.650219],[74.980881,58.718483],[74.899129,58.696418],[74.743066,58.748094],[74.100108,58.739412],[73.999546,58.799615],[73.755839,58.809382],[73.620551,58.853643],[73.444127,58.817599],[73.032059,58.863126],[73.094588,58.94617],[72.966947,59.000068],[72.975629,59.098977],[72.863284,59.157371],[72.656888,59.106987],[72.453593,59.215094],[72.43716,59.303357],[72.355201,59.339712],[71.999771,59.565822],[71.882155,59.572643],[71.777046,59.647677],[71.296455,59.799089],[71.193412,59.905078],[71.017195,59.822576],[70.79757,59.863013],[70.398525,59.817486],[70.247733,59.839759],[70.154922,59.900013],[69.615627,59.904871],[69.501319,59.989181],[69.306085,59.988897],[69.133279,59.94461],[69.077675,59.893218],[69.295233,59.782889],[68.843995,59.621322],[68.543444,59.550862],[68.358133,59.282919],[68.195352,59.241501],[67.74215,59.211942],[67.564486,59.092931],[67.263729,59.020377],[67.070873,58.924879],[66.951087,58.973197],[66.773733,58.929685],[66.785826,58.720421],[66.74066,58.669597],[66.380166,58.589086],[66.252008,58.614097],[65.934508,58.614355],[65.668995,58.663293],[65.382294,58.919091],[65.184683,59.22331],[65.001645,59.33767],[64.32427,59.411206],[64.120975,59.390768],[63.980002,59.405522],[63.825076,59.477042],[63.795517,59.791596],[63.694438,60.001351],[63.589432,60.154985],[63.437503,60.158551],[63.197311,60.242008],[63.220048,60.300506],[63.090961,60.459617],[62.881154,60.639968],[62.759715,60.859438],[62.85976,61.001264],[62.620085,61.210734],[62.419684,61.305096],[61.933409,61.404108],[61.900232,61.433563],[61.165187,61.682747],[60.759423,61.703624],[60.430865,61.747084],[60.056624,61.721194],[59.987688,61.747084],[59.984277,61.902785],[59.779432,61.952343],[59.651894,61.936478],[59.485393,61.993271],[59.404054,62.108044],[59.507407,62.306791],[59.564871,62.335007],[59.643729,62.510267],[59.526527,62.541351],[59.394132,62.731417],[59.483119,62.892389],[59.278067,62.970239],[59.231661,63.089069],[59.32964,63.273864],[59.292226,63.34218],[59.493764,63.610536],[59.520946,63.790525],[59.584405,63.938268],[59.761448,63.995836],[59.838136,64.080068],[59.588435,64.232643],[59.633084,64.34367],[59.589262,64.467073],[59.484152,64.497252],[59.704087,64.667681],[59.647553,64.772429],[59.749873,64.85891],[59.888986,64.90131],[60.147368,65.064789],[60.304981,65.071429],[60.676534,64.912317],[60.830944,65.051378],[61.002819,65.060319],[61.106689,65.160829],[61.240531,65.191887],[61.263062,65.307384],[61.510592,65.500498],[61.881939,65.70183],[62.018468,65.717126],[62.278401,65.62292],[62.410589,65.515407],[62.373588,65.448874],[62.516526,65.338803],[62.816662,65.291571],[62.801469,65.05143],[62.678686,64.878056],[62.798989,64.847437],[62.802813,64.726282],[62.600448,64.645047],[62.532028,64.559987],[62.69915,64.492188],[63.214777,64.525958],[63.466648,64.450537],[63.502615,64.371136],[63.417142,64.323878],[63.611446,64.268481],[63.895666,64.287136],[64.016176,64.357442],[64.444263,64.356227],[64.622237,64.438677],[64.760833,64.426843],[64.995237,64.465885],[65.175898,64.445782],[65.399657,64.571356],[65.883452,64.568617],[66.146071,64.585929],[66.434012,64.515236],[66.681646,64.557455],[66.936307,64.487046],[66.891659,64.383461],[66.795851,64.321294],[66.818692,64.225615],[67.170918,64.162854],[67.280679,64.080611],[67.679104,64.079035],[67.809329,64.032009],[67.935626,64.117585],[68.178609,64.176161],[68.425002,64.295972],[68.810612,64.221248],[68.990446,64.329614],[68.859187,64.435705],[69.014837,64.471827],[69.244074,64.465833],[69.389594,64.388525],[69.693142,64.399997],[69.82533,64.341034],[69.999893,64.315894],[70.306851,64.343566],[70.472732,64.251608],[70.6721,64.236803],[70.768942,64.19355],[70.754782,64.100222],[70.569677,64.015421],[70.637684,63.903232],[70.813177,63.821712],[70.913842,63.692392],[71.387612,63.674615],[71.5691,63.551418],[71.60796,63.185239],[71.805468,63.218881],[71.963701,63.197073],[72.160795,63.299237],[72.655028,63.280169],[72.907002,63.393288],[73.103786,63.436257],[73.28393,63.315025],[73.36806,63.206943],[74.241081,63.17201],[74.507422,63.043232],[74.914528,63.032019],[75.363597,63.107828],[75.6997,63.09124],[75.802743,63.113977],[76.240236,63.018841],[76.289432,62.950008],[76.622641,63.03778],[77.026234,62.975019],[77.132171,62.812962],[77.326991,62.710436],[77.889024,62.557267],[77.966539,62.477996],[78.379433,62.567757],[78.793051,62.615093],[79.820069,62.603724],[79.91474,62.792033],[80.07318,62.826191],[80.574441,63.018996],[80.584157,63.082558],[81.074669,63.11744],[81.194972,62.949646],[81.349174,62.821153],[81.600425,62.773068],[81.83979,62.691936],[82.073471,62.800043],[82.287929,62.775083],[82.732656,62.757229],[82.741027,62.680154],[83.009952,62.594681],[83.033516,62.529517],[83.310708,62.457015],[83.532917,62.524814],[83.798224,62.560264],[84.09588,62.375108],[84.236957,62.37671],[84.289047,62.276225],[84.435704,62.177962],[84.551253,62.001487],[84.520144,61.945056],[84.681064,61.815297],[84.919086,61.796538],[85.272656,61.682592],[85.386137,61.698095],[85.479568,61.627867],[85.721931,61.574743],[85.854016,61.595052],[85.956232,61.550042],[85.950444,61.464724],[85.771127,61.443459],[85.643899,61.387597],[85.671185,61.289231],[84.648095,61.000721],[84.259591,60.855511]]]}},{"type":"Feature","properties":{"name":"Chechnya"},"geometry":{"type":"Polygon","coordinates":[[[45.727379,42.474439],[45.727576,42.47503],[45.705252,42.498078],[45.655539,42.517663],[45.562935,42.53575],[45.343724,42.529782],[45.208228,42.64825],[45.160272,42.675018],[45.077442,42.692902],[45.171848,42.791704],[45.136604,42.835138],[45.161306,42.946423],[45.137225,43.07458],[45.169264,43.127368],[45.120998,43.204056],[45.046687,43.494348],[44.838535,43.58411],[44.838741,43.661056],[44.999972,43.704568],[45.079864,43.787715],[45.083378,43.95277],[45.189728,43.951736],[45.237373,43.880164],[45.43178,43.878614],[45.459065,43.999899],[45.509398,44.015195],[45.71042,43.955147],[45.80292,43.978143],[46.044663,43.933649],[46.016447,43.876418],[46.220259,43.863008],[46.256949,43.9483],[46.349347,43.997728],[46.462312,43.961968],[46.451563,43.887089],[46.585922,43.872232],[46.584991,43.772367],[46.483499,43.672115],[46.43854,43.54096],[46.337565,43.458175],[46.359889,43.360971],[46.423038,43.314721],[46.403297,43.113751],[46.533522,42.961176],[46.424588,42.876608],[46.335808,42.903996],[46.123211,42.843122],[46.169513,42.729692],[46.095409,42.715119],[45.948338,42.575076],[45.82111,42.487226],[45.727379,42.474439]]]}},{"type":"Feature","properties":{"name":"Dagestan"},"geometry":{"type":"Polygon","coordinates":[[[45.727379,42.474439],[45.82111,42.487226],[45.948338,42.575076],[46.095409,42.715119],[46.169513,42.729692],[46.123211,42.843122],[46.335808,42.903996],[46.424588,42.876608],[46.533522,42.961176],[46.403297,43.113751],[46.423038,43.314721],[46.359889,43.360971],[46.337565,43.458175],[46.43854,43.54096],[46.483499,43.672115],[46.584991,43.772367],[46.585922,43.872232],[46.451563,43.887089],[46.462312,43.961968],[46.349347,43.997728],[46.256949,43.9483],[46.220259,43.863008],[46.016447,43.876418],[46.044663,43.933649],[45.80292,43.978143],[45.71042,43.955147],[45.509398,44.015195],[45.506298,44.190481],[45.124099,44.202367],[45.130713,44.268306],[45.404495,44.317502],[45.443769,44.402458],[45.398397,44.444419],[45.237373,44.460129],[45.27086,44.59056],[45.434881,44.617484],[45.613991,44.766002],[45.621123,44.898965],[45.705975,44.975782],[45.853667,45.000509],[46.433683,44.93656],[46.603492,44.885323],[46.891376,44.746021],[46.841211,44.718262],[46.755273,44.656543],[46.716113,44.560693],[46.707227,44.50332],[46.720898,44.45166],[46.753027,44.420654],[46.915723,44.387158],[47.023633,44.343262],[47.122656,44.26167],[47.229883,44.192383],[47.307031,44.103125],[47.361523,43.993359],[47.429199,43.779883],[47.462793,43.555029],[47.562598,43.834668],[47.646484,43.884619],[47.627832,43.805957],[47.567969,43.684961],[47.508984,43.509717],[47.489844,43.381689],[47.511621,43.270752],[47.512891,43.21875],[47.463184,43.035059],[47.488867,42.999756],[47.529004,42.967139],[47.634863,42.903467],[47.709082,42.810937],[47.727734,42.680713],[47.769727,42.644775],[47.822363,42.613477],[48.080176,42.353711],[48.228613,42.180957],[48.303027,42.080225],[48.383789,41.953418],[48.426367,41.923975],[48.476758,41.905127],[48.572852,41.844482],[48.51862,41.779336],[48.430719,41.663349],[48.391393,41.601905],[48.298117,41.54501],[48.142312,41.484755],[48.056064,41.45871],[47.963719,41.333963],[47.861089,41.21273],[47.791016,41.199269],[47.591855,41.218105],[47.520593,41.22906],[47.31766,41.282442],[47.261178,41.315075],[47.205315,41.455609],[47.142632,41.516045],[47.063929,41.554699],[47.010185,41.587488],[46.987758,41.621387],[46.930914,41.670428],[46.825597,41.743421],[46.749323,41.81259],[46.690308,41.831349],[46.615997,41.806958],[46.571246,41.800085],[46.552125,41.81228],[46.537656,41.87039],[46.429911,41.890958],[46.411565,41.904626],[46.267802,41.960333],[46.212663,41.989892],[46.159798,41.992062],[46.048487,42.008754],[45.954022,42.035393],[45.910407,42.070714],[45.846019,42.109936],[45.726543,42.158874],[45.638589,42.205073],[45.634248,42.234735],[45.688354,42.357363],[45.727379,42.474439]]]}},{"type":"Feature","properties":{"name":"Crimea"},"geometry":{"type":"Polygon","coordinates":[[[33.745771,44.402323],[33.852069,44.431632],[33.805711,44.527307],[33.712995,44.581555],[33.70905,44.666381],[33.611402,44.720629],[33.674528,44.791646],[33.588429,44.842005],[33.612207,44.907812],[33.601172,44.981494],[33.555176,45.097656],[33.39248,45.187842],[33.261523,45.170752],[33.186914,45.194775],[32.918652,45.348145],[32.772656,45.358984],[32.611328,45.328076],[32.551855,45.350391],[32.508008,45.403809],[32.828027,45.593018],[33.142285,45.749219],[33.280078,45.765234],[33.466211,45.837939],[33.664844,45.94707],[33.636719,46.032861],[33.594141,46.09624],[33.654323,46.146222],[33.659965,46.219573],[33.806667,46.208288],[34.02672,46.106725],[34.128283,46.089798],[34.224203,46.101083],[34.353978,46.061586],[34.449898,45.965666],[34.523249,45.97695],[34.686878,45.97695],[34.794084,45.892315],[34.799726,45.790752],[34.946428,45.728686],[35.001674,45.733383],[35.022852,45.700977],[35.260156,45.446924],[35.373926,45.353613],[35.45752,45.316309],[35.558008,45.310889],[35.750977,45.389355],[35.833496,45.401611],[36.012891,45.37168],[36.077148,45.424121],[36.170508,45.453076],[36.290332,45.456738],[36.427051,45.433252],[36.575,45.393555],[36.514258,45.30376],[36.450781,45.232324],[36.428418,45.153271],[36.393359,45.065381],[36.229883,45.025977],[36.054785,45.030811],[35.870117,45.005322],[35.803613,45.0396],[35.759473,45.07085],[35.677539,45.102002],[35.569531,45.119336],[35.472559,45.098486],[35.357813,44.978418],[35.154785,44.896338],[35.087695,44.802637],[34.887793,44.823584],[34.716895,44.807129],[34.469922,44.72168],[34.281738,44.538428],[34.074414,44.423828],[33.909961,44.387598],[33.755664,44.398926],[33.745771,44.402323]]]}},{"type":"Feature","properties":{"name":"Perm'"},"geometry":{"type":"Polygon","coordinates":[[[54.352476,56.358524],[54.244989,56.431853],[54.168301,56.534482],[53.959115,56.631582],[53.869095,56.713154],[54.088409,56.77116],[54.098641,56.965929],[54.341107,57.011869],[54.294702,57.083596],[54.314339,57.290509],[54.158173,57.314254],[54.188455,57.462746],[54.168405,57.558864],[54.095954,57.60744],[54.156312,57.706245],[54.087169,57.994238],[53.810184,58.228126],[53.886045,58.319102],[53.784552,58.439896],[53.70466,58.594977],[53.750136,58.696779],[53.922011,58.782821],[53.821346,58.821087],[53.726468,58.916818],[53.766569,59.021514],[53.876536,59.092802],[53.433669,59.143832],[53.334554,59.185173],[53.205776,59.364],[53.354294,59.500813],[53.418373,59.678476],[53.592109,59.7085],[53.657635,59.824359],[53.706521,60.001196],[53.607612,60.142738],[53.457234,60.204801],[53.358118,60.166457],[52.453781,60.200512],[52.297821,60.241595],[52.323866,60.432126],[52.138451,60.472847],[52.1338,60.546847],[51.774235,60.605603],[51.889784,60.875819],[52.354769,60.843909],[52.442308,60.979637],[52.789781,60.94889],[52.876494,61.093842],[53.348713,61.037257],[53.353984,60.893441],[53.791063,60.847759],[53.853488,60.980206],[54.979518,60.86383],[55.062097,61.00899],[55.213715,61.018963],[55.315621,61.123039],[55.690172,61.08622],[55.841067,61.249647],[56.257373,61.206342],[56.390801,61.420231],[56.5449,61.435088],[56.70241,61.524772],[57.085953,61.48803],[57.204395,61.510871],[58.691539,61.502732],[59.023302,61.552393],[59.113942,61.615154],[59.348657,61.682178],[59.428445,61.506944],[59.405811,61.417931],[59.317238,61.377288],[59.261014,61.222181],[59.358475,61.142857],[59.372945,60.970491],[59.457591,60.952972],[59.467719,60.807865],[59.385347,60.573512],[59.23931,60.480236],[59.168513,60.373705],[59.18846,60.277871],[58.9616,60.004942],[58.988575,59.927764],[58.849049,59.925567],[58.805021,59.862806],[58.675106,59.859241],[58.581882,59.715839],[58.451037,59.705038],[58.403081,59.552283],[58.310891,59.46805],[58.508398,59.440041],[58.669525,59.293229],[59.003458,59.230649],[59.175334,59.146519],[59.091102,59.021979],[59.181225,58.952991],[59.06578,58.884132],[59.08273,58.769333],[59.186393,58.710732],[59.387621,58.703291],[59.388551,58.590119],[59.45604,58.492761],[59.280547,58.412817],[59.202516,58.304607],[58.970592,58.199807],[58.868479,58.205491],[58.67831,58.1071],[58.60462,57.995633],[58.755825,57.848356],[58.864139,57.82722],[58.829825,57.726244],[58.579815,57.594366],[58.457755,57.587596],[58.436464,57.675963],[58.268103,57.669788],[57.995148,57.477319],[57.937994,57.331953],[58.038556,57.236507],[58.029874,57.099357],[57.868954,57.057965],[57.824616,56.974249],[57.559619,56.888311],[57.323044,56.919885],[57.218658,56.853016],[57.357564,56.681243],[57.37286,56.551975],[57.317463,56.373355],[57.408414,56.32912],[57.273538,56.304884],[57.21349,56.182049],[56.864054,56.1081],[56.729695,56.224062],[56.654558,56.220135],[56.40248,56.387411],[56.275253,56.305142],[56.073301,56.289484],[55.875794,56.436659],[55.548062,56.399503],[55.447706,56.340747],[54.968356,56.320439],[54.91823,56.391959],[54.531587,56.514897],[54.430197,56.342685],[54.352476,56.358524]]]}},{"type":"Feature","properties":{"name":"Sevastopol"},"geometry":{"type":"Polygon","coordinates":[[[33.588429,44.842005],[33.674528,44.791646],[33.611402,44.720629],[33.70905,44.666381],[33.712995,44.581555],[33.805711,44.527307],[33.852069,44.431632],[33.745771,44.402323],[33.732997,44.406711],[33.655859,44.433203],[33.450684,44.553662],[33.462695,44.596826],[33.491309,44.618604],[33.530078,44.680518],[33.588429,44.842005]]]}}]}